commodity_encoded,tonnage,market_arrivals,current_price,rainfall_deficit,warehouse_temp,humidity,moisture_content,future_price,spoilage_label
0,734.7449897803971,3703.3,2200.0,13.012551353285012,28.762287107303237,68.62893660339951,15.68530995768563,2328.663779319556,0
0,967.7951376349514,3014.9,2300.0,-11.371585745589755,30.285637595832622,60.43974790531311,14.014075092363584,2570.3157894036312,0
0,534.7162017038479,3197.1,2250.0,40.62658240127796,19.452946994473407,66.28435018226034,14.998818182374436,2226.9292832474734,0
0,399.89439988059684,3384.3,2550.0,24.35723775327115,23.38798767490275,67.7331693554203,18.399576388679055,2595.7185764109463,1
0,1500.971659111454,3310.7,2750.0,31.248575445309843,28.86563237778901,75.42095941960605,18.674044028681376,2945.7255961764013,1
0,681.5213432369599,4596.5,2850.0,1.1689453949394668,24.043124676315454,64.3146448512318,14.43345982102813,2773.231867045027,1
0,1676.1068583432566,3560.6,2900.0,33.62027622991899,22.651188696927974,70.32635869883495,15.752115444422303,2763.743257878721,0
0,1992.095680725967,3019.4,3000.0,-12.924507714763212,23.758517755525773,72.06188611044581,18.99055821024042,3350.716560143834,1
0,337.9156650733676,3580.6,3800.0,-9.338145216186373,26.439826455008912,71.48093478410227,12.421386654637576,3759.01297937316,0
0,1051.4632251506605,3608.2,3600.0,10.621088641010996,31.99727201787322,84.34851916666955,19.11315969596628,3646.9447590994305,0
0,1643.7126067594454,3554.0,3400.0,-8.368079520212522,24.901894007463447,61.137605944757404,13.753474765218654,3072.8111412213307,0
0,1620.1116137742204,2764.7,3200.0,32.740122204069706,20.918922649359647,83.77420466130998,17.428313953715005,3099.427979934268,1
0,1567.9948849957432,43.0,2100.0,3.163593508632573,20.279852053907327,74.54843034985083,16.660413571076802,2337.7795089590263,0
0,828.1908835434397,41.0,2200.0,-12.016485739356238,18.5928964646698,79.89319287424595,16.42352598551402,2261.090452612005,0
0,1016.9358602330941,28.0,2100.0,-15.25454762743206,25.8234412888565,70.75981545040189,18.87488179802257,2096.3861110116986,0
0,1270.9430432146464,19.5,1800.0,32.43483315488197,25.62400928084368,71.34594703142452,12.81257714915729,1950.5212809571576,0
0,1953.093050431863,30.0,3200.0,-48.60188796835152,20.87327497492433,81.98316247539559,14.77622420260509,2884.1413272051623,1
0,789.5850876892872,29.7,3500.0,-10.275971568355,27.73461169033594,82.39836240729755,16.306021970758124,3412.902643491142,1
0,1861.658997890344,30.5,2800.0,50.072619599054754,28.37549858281553,65.96722203578244,18.49031083156832,3182.198053474126,1
0,684.8424527248894,26.0,2800.0,6.390916733078486,21.62737487534956,64.98104696461546,13.731544667293372,2791.6052431438306,0
0,1980.3340378526682,28.5,3500.0,32.91132982631592,22.81739669641631,72.40587934674878,18.42343873099421,3488.0539085960622,1
0,1406.474636289665,41.0,3500.0,25.687483022300434,31.866603412861593,82.50692567819229,15.197107859951487,3747.6206004094915,1
0,1034.3206646453918,28.0,3200.0,10.228142441155528,23.239702549910277,68.0588773351544,13.511310851469563,3439.7419047468106,0
0,1304.1027705144888,29.5,3500.0,-26.472764572082056,28.651223404585423,76.30036538347828,18.071891523547862,3226.6752595310772,1
0,690.5561042723723,30.2,2400.0,-18.14675221811202,24.33815597281916,77.70379219351503,12.727191211796383,2461.627200963332,0
0,693.51294352064,18.0,2400.0,-18.567991620944873,29.106827590053662,79.46686662235389,16.118138992603544,2652.83383826875,1
0,404.3981789182889,40.5,2400.0,27.051268207507754,28.76632534295707,74.09811144802408,12.511006270895107,2307.3958849265728,0
0,405.29053586971776,41.4,2500.0,31.73951433700763,27.348584352779497,70.06137945697424,14.851342841262301,2444.1353720443904,0
0,825.8091346440405,16.0,2500.0,-6.970364475952987,29.96689684813811,84.17539971997432,16.80861439205114,2504.322807029254,1
0,1573.1398602134689,9.1,2500.0,13.030704264577501,31.149058928287594,75.28326883257131,16.448924331897704,2604.1517341610697,1
0,1294.3481016766925,15.2,2800.0,15.202867461805276,26.119766486329176,78.21413029083178,15.237243343237331,2560.1522782414436,0
0,384.65220859583746,49.2,3000.0,16.954878292335632,21.32456470111844,68.62457114239696,15.432383951776925,2439.7450607833644,0
0,1734.0257449566398,33.0,3500.0,-4.049666153020798,23.58080546301705,76.74872952507701,13.814156426806132,3545.2536282770984,0
0,1282.4617285821196,45.0,3500.0,55.951389959273506,28.616279989186104,66.44494155410315,15.647060707392823,3744.834340406029,0
0,1929.5400382126036,20.8,3500.0,31.94685465938341,27.112368791734173,66.1274229382159,19.626038845766672,3434.488544245601,1
0,1406.3338413401736,2.5,3500.0,16.82709411977096,20.489176739913482,77.86805504523566,18.803623342270324,3371.816034956455,1
0,515.3147546675258,6.0,3600.0,2.029245477002865,18.717353576049945,73.03486840657338,13.16186295261075,3563.935252772678,0
0,1052.81005215408,41.5,3700.0,-5.839211287563469,27.561462309588908,77.08191526055974,12.238246298567368,4054.655249726003,1
0,1367.2956755849675,54.8,3800.0,24.947377336648714,21.515106336410835,66.7359622687023,19.468194501733045,3648.479999098026,1
0,250.87646188995984,33.3,3800.0,3.1556988057689974,24.99538341220675,74.96808352641825,16.21399799904598,3930.0243654078367,0
0,226.8384754786542,30.0,3500.0,18.343298164883677,28.45445481517632,71.09834124257782,16.30270258519446,3257.75009060862,1
0,432.92540107742224,29.0,3500.0,-32.482779271130845,25.877334929188663,74.9240071711382,18.245743965652178,3267.801850161884,1
0,652.9959830818474,39.0,3800.0,1.755154492282621,19.16623616356515,67.27199330610549,14.517511790970612,3992.669819346792,0
0,973.1884223372159,65.0,3800.0,12.272802572083153,20.598123314969776,77.8862740912281,15.855260550688017,4172.636199153282,0
0,1077.392852767619,20.0,3500.0,39.19530527011338,21.070594576432867,80.14823415398664,19.7493033051739,3686.690444280849,1
0,448.4496960882142,78.8,2601.0,-8.05810140669341,21.61009955102783,66.49791184644309,17.377189495459255,2280.4793775680723,0
0,1412.1048424084954,85.9,2686.0,-22.14583098867959,25.91564748730706,67.51551399639105,13.229960255966287,2618.321786351108,0
0,1273.0485110537627,120.3,2811.0,26.118056551854433,25.05552091755551,76.52885674297733,13.065813983874826,2851.2957188050236,1
0,730.0353779140884,121.6,3261.0,13.398589133856513,20.844240537098926,77.3896293575886,13.634118066664044,3272.656270554448,0
0,224.5877901835256,119.3,4021.0,-28.050589520365484,18.945767808379617,77.60249210993625,18.13369339536574,3557.859088788384,1
0,339.7662476359233,162.0,3700.0,-26.80398784111238,20.400050862646054,77.06746261939593,14.363016030724928,3412.0225822538114,1
0,905.050595919511,64.2,3600.0,-1.1718975517566292,31.781338376660447,69.82019292381347,12.171110773400638,3426.819742579918,0
0,477.1538320982311,81.5,3501.0,12.906315308707175,24.559657297080612,69.87134186009196,19.553394908045295,3486.7990776388615,0
0,878.2752910663474,7.8,3100.0,49.73212822733997,30.142837065829575,66.37044059110954,13.357707331159286,2740.267830554943,0
0,1330.7286881186392,10.0,3300.0,-12.02848331683223,29.882534533363806,63.920842497409076,12.07646548918455,3418.844558265597,0
0,1185.0273701827105,7.0,3300.0,28.469428172973743,25.16127380448023,77.31443448492264,13.897052819066584,3281.589483345502,1
0,616.1165896473096,6.0,3500.0,-34.02126994582232,27.89362791844761,62.32971964930782,13.880230296945069,3280.9272857502915,0
0,818.8804842657544,4.9,3600.0,24.02402219312628,20.69852814577797,83.44480716966955,15.376042006765784,3641.8147909341906,0
0,1305.256157207571,18.0,3600.0,52.664621153339354,27.637553868976717,80.66715759178629,19.363118652000296,3288.955127504361,1
0,1749.5390504782076,18.0,2800.0,18.54261791634829,21.813384109686055,81.43764349893141,19.033479342232784,2791.2495920434526,1
0,1555.784189729979,12.0,2700.0,-1.7041147693381866,29.64886935455811,82.66672036537976,15.655156439859423,2408.2837668838147,1
0,1196.120048300147,6.0,3400.0,45.81340387501422,19.17213786352474,70.215124268081,15.287199239934452,3062.423869833772,1
0,852.1273969696751,12.0,2600.0,23.72204578259179,28.823941420393886,81.16751808376003,16.44007269179881,2529.168761887089,1
0,857.0922995752497,0.3,3000.0,18.839865168387785,19.399116691960675,63.95153250729123,13.947632095774125,2871.071950459968,0
0,1782.951158475913,21.0,2600.0,-10.443323502236513,30.336649316520326,60.54104486520589,12.417479935730903,2659.949034183869,1
0,270.6384368729835,18.9,2500.0,24.094247668195756,22.258863253890052,79.62228486659626,19.513793089369653,2497.2014809333564,1
0,1978.3687599564698,21.0,2250.0,-2.1179038587016947,27.161507107628047,61.86991619992348,13.493591879017382,2533.5534074790157,0
0,1395.875739532812,24.9,2400.0,22.786052115725006,24.825031900683918,84.71311668314804,13.587205833965731,2361.816704798298,0
0,1426.047858330303,30.9,2300.0,16.21347849556588,23.128244033672747,76.8699107400389,15.77968263083158,1844.6813585134148,0
0,268.39610714853586,28.8,2350.0,42.10291364762267,27.03618566456895,78.83624275605264,15.932906758722645,2063.1581959559526,1
0,1289.9526948042899,30.9,3050.0,0.5998519876190169,31.265321727717332,66.14509640694665,12.147473677605936,2831.108821461515,1
0,1072.6005081628045,0.3,3900.0,11.266331783430457,18.577776463244707,76.8466348479922,13.183637910191766,4691.982093215348,0
0,390.40203240932055,12.0,4250.0,34.957830922528444,30.863939982363462,61.08049843137393,15.025238548485934,4240.6355999041525,0
0,700.2596193848464,24.0,4000.0,9.09906071116147,26.527143170294188,80.94564299809002,17.46984554808431,4266.047578540723,1
0,1802.5660211845723,30.9,4250.0,14.46184635777959,29.302400210766734,64.24060232578931,13.827347654655487,4506.838321264429,0
0,1189.9791485587152,36.9,4000.0,4.831715462120501,23.374249348079886,77.43395167084427,15.384115569934101,3695.9422091060283,0
0,944.1498353130357,27.0,4250.0,10.908854029624282,24.605801647726594,65.6120125308182,16.458760517731733,3792.753179994339,0
0,330.8278805134597,21.9,4200.0,31.7739393023953,30.163910525216295,61.71132923565107,19.108739956986337,4361.862967372571,1
0,1485.4187493241502,0.1,300.0,60.89781000502071,23.807871577337522,72.03734196373486,14.608564018616987,260.03183247292975,0
0,1465.1314821128585,0.9,232.0,-26.96252971370594,25.48523393448719,64.23215525681974,13.068466126907868,245.6090151865543,0
0,1305.2784925506144,0.2,2500.0,-16.625473207836592,18.28272892318066,78.23609970816375,15.914177807180867,2482.4417015372105,0
0,1118.4727631971687,56.6,2200.0,11.463094913360077,20.22037208173259,65.93914608458712,17.973772813472497,2281.3191590908978,1
0,980.8119239732708,49.6,2200.0,16.241094089187975,26.983611111647196,68.56181390589572,12.878878056421868,2240.054377038413,0
0,1267.887967378386,58.0,2200.0,9.55870273037333,28.03767661489428,74.18598128161182,15.397467933575683,2247.101361822851,0
0,620.111813111132,45.6,2400.0,1.168035678298235,26.156413114982993,67.1242069394328,12.142281130099867,2415.0460619912187,0
0,1894.2663155197658,30.7,2600.0,-15.808937608033581,20.00634050785855,69.44970290524904,12.268473453178009,2643.9298736181318,0
0,1259.8301525244133,48.2,3000.0,-0.2691226783073013,24.23567600008969,80.39054427600966,15.863626905733325,3008.2953024372837,0
0,760.1463998378778,47.5,2600.0,35.430915474947206,22.97132672908466,64.48024623902565,14.385578385207435,2385.270143189741,0
0,1009.423731593283,39.3,2600.0,17.326669407038978,24.939258816491236,62.05503973704834,18.760858392043296,2538.5580635216024,1
0,1650.232619978406,33.5,2600.0,31.889047447622563,30.18460648375732,68.20894462832548,16.817234449011636,2938.484236805104,0
0,490.9089093145354,35.6,3000.0,-15.085351749278232,28.86206014122113,70.60941917534696,15.631463693943923,3056.54085288793,0
0,727.1041204284687,40.4,3200.0,51.10358301782167,19.175853019448226,73.56648205341419,15.26348296843437,3419.3503160963382,0
0,1423.1144409257997,51.0,3450.0,0.9528837184378727,30.4643287688439,69.31059240437517,15.977963841516505,3246.4893728627617,0
0,767.880571668003,56.5,3400.0,26.88004069867745,24.60474011609753,79.74779250557013,12.32351064970129,3195.8872625141153,0
0,1626.5030273506388,1.2,2000.0,11.872986700749582,28.414070028403977,60.98298719171183,19.14234685136528,1855.5857090450663,1
0,434.8162769192495,0.4,2100.0,1.4996415357484452,19.96054923770093,70.79418845496394,19.986425245871665,1932.1971072111255,1
0,1572.8351068182953,0.5,2300.0,25.820463531633067,27.390073359898672,69.55639786641012,13.45189699886959,2076.1090074476856,0
0,323.03308673101924,1.4,2300.0,30.01274493067968,21.308564246532413,76.18946227017148,12.963063718196958,2332.183609314272,0
0,222.6667028014906,1.0,2200.0,82.20035726227648,24.13733255997304,84.1569062974349,13.148619707588761,2153.031913735356,1
0,1816.802333897892,0.6,2700.0,30.981748686944883,18.23608018114946,72.75938516572155,17.28821646587494,2841.830171088399,1
0,1246.4105904781375,0.8,2500.0,30.60672885852063,20.122548931026664,84.67192117354301,17.2915267076062,2453.44052725674,0
0,833.2884147562606,0.4,3000.0,43.6220405924535,19.289126903730676,67.55623487282993,18.78339329822729,2567.416837623364,1
0,618.6703465349308,0.2,3000.0,28.29635051184501,21.35641842113562,60.771703313561524,18.014611107410026,3079.85102411545,1
0,1310.394409869469,0.6,2500.0,14.032130776337233,19.400253260340513,64.14157918691032,15.597517386954717,2195.437963627582,0
0,1116.2039303661288,0.3,3000.0,23.143125856090748,27.686740372673867,69.87812211936418,16.90284289252255,3038.5909825287035,0
0,1984.8759959539734,0.2,3000.0,36.370175891284006,18.40655863092907,67.90834772971381,17.50627736294406,2861.15564358914,1
0,1969.7887759767423,0.2,3200.0,49.76907930083701,26.64836700874997,62.42635327458444,16.101891762281802,3244.6419264622323,1
0,1343.0442190548974,0.2,2700.0,-22.767117585351492,19.96990963155804,70.81650269226792,15.805207875613092,2466.13379372273,0
0,997.1669109906029,1.6,2700.0,-32.256016603424904,31.232260400490556,68.45289429148907,17.160779565141226,2826.088734911572,1
0,1084.0537444423917,0.5,3500.0,48.70938620845117,31.06331702353796,63.065480511435965,16.45979639180523,3507.8979837237853,0
0,1428.4623192263514,0.3,3500.0,-4.9365130701605935,21.157043435293478,67.40292826529772,17.151538442687283,3427.7173534050885,1
0,382.83417962368645,0.2,3300.0,-26.448324843023975,26.601898175122415,82.16090138388476,16.902838191706913,2964.439396079134,1
0,791.0337328592927,0.6,3300.0,-28.79908836763954,18.392074472614418,67.55122163723351,17.753572484109238,3658.485898587609,0
0,335.49003380648696,0.3,3300.0,60.046200640897254,31.045039602716436,77.84888558105129,17.14242807026301,3120.455042326855,1
0,332.0493671304552,0.2,3500.0,36.94032036319976,25.321822314683935,75.3011769914439,16.15793989149814,3555.2175635398303,0
0,552.5106354096207,0.1,3500.0,-4.877320365958813,18.605124119848906,70.67952906020929,17.454374490275093,3300.735421639003,1
0,1073.4558582678083,0.4,3500.0,-3.843858514184088,22.794999902113922,65.97564092009173,15.595855721483424,4293.272894986905,0
0,1612.5937780930208,0.7,3300.0,16.37158217890354,19.07589246605728,69.22536748364864,13.933369807780808,3329.5854313971495,0
0,1073.8926040985707,1.5,3300.0,36.48476244549629,23.50122215122704,74.80268033677606,12.011345761071324,3178.29181707759,1
0,803.8578990095656,1.1,3300.0,7.649805971690549,27.378968790258522,68.76883036873387,16.479713177166744,3419.940241914909,0
0,348.23538260616465,54.3,3500.0,-4.650706860080849,24.578458712580154,65.3724108393558,16.72524181286913,3657.512977392412,0
0,1190.5319417296332,60.2,3750.0,43.376164046742275,23.372110446072362,62.9115687222908,19.776391718205716,3838.784760455609,1
0,688.2834556697181,57.0,3500.0,14.354046382096675,19.66819863756651,81.99417344773913,14.891826672754204,3432.0613368770983,0
0,1306.8815202508654,82.8,3250.0,10.209352108564552,21.42914663971119,71.00782439379765,15.153065942626494,3335.898898657707,0
0,1958.9379304383529,14.6,3000.0,29.803115618633708,19.402006028336917,75.63020804357325,13.614396650737522,2972.0385202591187,0
0,400.3657786595903,56.4,4000.0,-38.408292790899594,29.30498224319325,72.26025902842014,12.564274361898576,3993.929633653838,0
0,581.8257176994919,39.6,3500.0,26.853370029577437,19.893357591786117,81.81416295894908,18.182435942893925,3335.0634814022424,1
0,1051.5701685788745,43.9,4000.0,25.272903339825838,26.33522713168451,73.67337131120527,13.9974485147146,3648.7753225556453,0
0,1943.5048676226731,62.9,3750.0,-19.472913717933316,22.798365790243842,72.01953544872784,16.871238888240303,3876.730575185363,0
0,1589.257597285992,62.9,3750.0,-33.53432822456692,21.16369738517257,83.11502476054281,17.502184284363853,3886.4175412530967,1
0,1816.8125476930943,41.1,3750.0,0.8909611609710133,26.952558152889452,77.99223990113387,15.769893498333182,4041.743723231846,0
0,800.6867272564273,56.6,3750.0,19.574334007631542,24.398032331277168,62.78874768367143,19.010816904217535,3760.915798999401,0
0,1985.6692528014703,35.0,3500.0,22.121775435271076,23.60203654198383,64.44261152992036,15.55035872783783,3454.695921368185,0
0,385.0990689154833,12.8,3500.0,57.60116199554792,26.299928068491102,79.67807157348605,14.27926898433412,3203.939290437674,0
0,295.3512308829815,31.4,4250.0,19.585486475530068,24.87774679886001,80.89628302949886,19.168124183692978,4239.92141922797,1
0,1740.0847286972505,29.3,4250.0,-19.97066650403913,22.24877891972185,73.62977072725741,18.89251427399965,4341.85052476497,1
0,1869.076766372575,65.0,4250.0,8.725713899250042,25.826858028713524,73.86138069666598,13.312319576611305,3785.9666468223954,0
0,363.0536435829831,408.3,2680.0,-17.46608487472208,27.372980071709726,75.79832407128612,12.207688146831368,2851.898784102887,0
0,404.1693681425147,408.3,2680.0,10.522411159183731,18.37370422021596,70.97789435706599,12.719884450796965,2565.5043722177966,0
0,259.71348396039286,241.4,2700.0,50.22276893707314,24.522204204707457,77.0049780870976,14.292379188430537,2668.231754297024,1
0,388.11361275690336,248.9,2780.0,26.481070159482776,18.807565984169614,62.71203143916039,19.778078413933684,2879.708144476124,1
0,576.9556702405056,335.9,2890.0,-3.01961992024971,20.609675796953553,84.03198105918466,16.4681292252866,2888.73189454152,0
0,1946.1379140380018,342.1,3030.0,29.80851924553476,25.84712227709162,78.75387059487304,14.98609385623415,3285.131058410427,0
0,1402.148400031425,220.0,3140.0,-4.444554092609977,30.12664481371813,75.77935510022517,19.109728756901973,3258.467078807839,1
0,1601.3954459333759,349.0,3050.0,-54.086104090220005,30.35927950863879,67.90805142523702,15.625090651827996,3022.8552245468804,1
0,1597.0509266447398,285.0,3400.0,-15.837097748003156,18.97921614194084,64.02388718641822,14.521909027208169,2763.469092432714,1
0,1163.1327496025863,270.0,3450.0,26.461010046332447,23.867471208013892,70.23357409572361,19.52975622996526,3656.210640916728,1
0,1635.480159883431,320.0,3150.0,34.30840100735774,26.16209076206372,76.53941851435147,18.796141329541424,2927.063722901839,0
0,1272.4535583019453,270.0,3300.0,57.94119216702016,20.058978663704806,75.84274358557778,18.749347003355528,3468.6692552929103,1
0,766.1829756860437,220.0,3200.0,23.52949072508391,28.716051034426805,69.56602887663928,16.098277944401705,3294.1163406348446,0
0,1209.9981957831214,240.0,3380.0,48.67898233521512,28.419293618121344,75.33215984582824,18.31550719052364,3339.6862030068537,1
0,1160.315455042124,520.0,3650.0,30.75232895328761,30.646774191895126,80.3437073891887,13.434826874116414,3858.770784692252,1
0,1682.2154967667773,680.5,3780.0,38.43506776180081,18.118804169168204,60.65711930844018,16.58578366044995,3898.171817016221,0
0,1967.1089912869863,428.2,3750.0,42.54301216472698,21.033579415846038,71.2655261982569,19.870767382780365,3823.881538950044,1
0,939.8766177576749,280.0,3750.0,27.175428910507023,29.580613999434505,78.96388071166977,14.327667444143692,3363.826400322627,1
0,1574.1032211944473,2520.0,3900.0,41.8712180420159,27.388120711577095,73.65361176158443,18.354818633981402,3909.324488046586,1
0,379.5734072686404,441.5,3880.0,-2.4638262345679394,30.52145795177887,76.28690219822676,15.923827257664538,3590.6700936208167,1
0,1598.2964650069193,463.7,3700.0,-45.66544900577999,18.800515163423732,72.91690981513355,12.318445465776698,3456.7018129131707,0
0,868.5504415878178,447.0,3400.0,31.26849260232897,26.3574955200302,84.79686361705777,18.10415518252534,3326.326943339187,1
0,270.902293201436,220.0,3600.0,24.369463271466827,25.96665204851144,61.36553841222596,13.348553155136901,3916.098168762972,0
0,853.843121411919,507.0,1675.0,-6.881802464375049,18.499441829047452,72.27612054430944,17.051788537062002,1711.7217738283955,0
0,1299.1569516589607,221.3,1900.0,-16.56131004161653,25.18930907677477,62.285413727862945,12.685313552375783,1949.1646023429764,0
0,414.65030182663986,675.0,1650.0,18.26687249731548,26.53328435833894,63.99463905283926,19.574939179967718,1726.272250418726,0
0,1863.2620863744582,173.1,1750.0,32.92304880963776,20.6781044388295,69.57595876045654,14.333791097442887,1658.158568359376,1
0,339.8103438911095,93.7,1650.0,27.997751808414627,21.82661416374528,63.88850228751218,13.81171753341916,1493.9354290268418,0
0,1874.012095699699,64.0,1675.0,-10.491133393625997,26.964862848168316,84.09217914891627,13.033091232530674,1498.724726515411,0
0,1472.8475322842357,687.5,1950.0,-4.88459198426764,24.556213266399418,83.66974441812897,19.568017546712383,1977.0353157143848,1
0,793.4819157455665,59.3,2250.0,31.737133879367928,30.012191205956576,68.40274115551509,17.695229939530442,2383.2033146992576,1
0,903.3506258763678,471.0,2100.0,16.81715312659252,22.793344724128637,75.99369280094199,17.93328710974471,2215.0064722691445,1
0,1533.4568565189395,54.3,2350.0,41.503847868643774,21.733235217434817,73.34383301484465,15.995236491041958,2232.822253388135,0
0,1282.6479815861733,87.3,2500.0,6.91820150711831,31.788123164827798,80.38967451289422,15.797822282163867,2703.3243299312508,1
0,1408.9572586189013,69.3,2800.0,33.488120020107345,30.75590078182117,75.68614024542356,12.880169943931813,3143.231096903013,1
0,900.496309724264,79.3,2300.0,14.00875434926203,18.40589842998572,60.00631136226405,16.478728764671935,2383.8531827900433,0
0,1078.0642672536783,73.5,2450.0,-3.070030927449313,28.790200614291923,79.07935964024347,13.975331960870324,2668.630105209116,1
0,1981.761471268208,66.9,2750.0,38.204070837752894,19.54468683355284,78.67120303240296,19.81716266240325,2894.0706747438826,0
0,585.0611668994918,59.0,2750.0,-9.814022884821043,18.38479272761119,72.74306763916202,18.372647520121177,2712.0969270815563,1
0,952.1411357398365,275.4,2400.0,16.853797398277774,21.831737223528883,82.57297433082634,15.3039364815431,2304.3002185060127,0
0,725.2817376331411,63.2,2875.0,19.437160386945354,21.77084230685546,82.71115514226004,13.210730069532264,2596.744018490923,1
0,1577.2007187917297,253.7,3150.0,11.992782212405091,29.470462672857504,73.09779191760992,18.28265352911027,3065.9398721279217,1
0,1575.2227261982973,215.1,3000.0,39.76998750313409,27.949341443199692,75.19970577991344,12.976430136650528,2957.3703373861968,0
0,726.4018297953126,194.2,3250.0,29.31538480142068,31.742531982648202,84.91305179811681,13.514670027976564,3208.128158210851,1
0,346.5025699393692,81.5,2850.0,26.33571223055874,27.96118060436546,67.47050587028544,13.69216414195382,2830.748569564695,0
0,220.57881800996728,791.9,2600.0,16.71157660929323,23.85557774558467,68.11543105778694,16.455125106184756,2242.1832289645013,1
0,969.4109598364739,157.2,2575.0,61.40819283406218,27.784987253233034,64.56934756658741,18.296453231922932,2695.3600636178658,1
0,938.6076698043876,575.0,2750.0,51.616681472045016,31.99242694060963,82.3966734789467,14.514519029797537,2897.689327950615,0
0,1979.1017815517532,675.7,2750.0,37.98572789596132,27.941986355875393,78.61220974873166,12.677358514202314,2811.2201506376928,0
0,1045.6437362558233,726.1,2850.0,33.8775682698349,28.663538983724457,62.64107122175605,15.716307708195353,2650.041925696047,0
0,661.5530652357571,717.5,2980.0,-0.05645443205115086,31.137110212663632,84.54418377994914,17.984881929279485,3045.6170532713236,1
0,1804.2129938566413,898.0,2975.0,13.773019894329531,19.591117658363565,78.2740427040279,13.773310744699106,2979.035889250898,0
0,1083.9223093764413,505.2,3200.0,30.89552257869046,27.866980108268177,81.26305274012437,13.759396384314993,3291.100677680101,0
0,1278.5161433790402,930.0,3225.0,41.28952613566234,29.911283411544286,61.20376972933002,19.577816218773687,3525.142221061751,1
0,372.20367877078286,554.0,3350.0,37.30119508568183,31.361300403092503,72.62402297355419,19.633229816953424,3314.1277321226958,0
0,889.2495331935933,525.0,3725.0,29.524057368090038,20.95357005596379,77.46495716817599,19.92372585649261,3765.570948522876,1
0,1899.602614052816,842.9,3650.0,65.01564830535835,25.05500610813942,73.57366461429604,18.461276812598243,3460.7048309687602,1
0,1261.1096915157657,868.8,3750.0,11.610296424279166,27.527767867022746,76.66618664248193,13.505473353343564,3957.377171882453,0
0,820.103339256431,561.5,3825.0,40.329745112759724,21.464548213018723,80.44685158976182,13.69585216639409,3986.2780661343627,0
0,1326.2009251368677,630.0,3725.0,37.286001168354105,26.40662008550384,69.35842657400491,14.721801932179137,3773.4012822854083,0
0,1838.739961240609,541.2,3750.0,26.101649448084018,21.60610295497199,81.21671689046775,14.545060250667927,3513.0455513462307,0
0,693.183080850662,662.7,3450.0,27.01250582839146,22.66839828744306,64.07290261913226,19.65222199262407,3308.5562109286066,1
0,1109.210093247214,631.8,3500.0,26.508620120641098,24.18126175115211,66.77215137565936,18.312591863053548,3115.435686059536,1
0,1925.6431770411596,0.7,3000.0,-2.705907979117086,25.40866138245194,61.083640498183144,17.79207033729243,2874.8815208262254,1
0,510.31305793721475,0.5,2910.0,25.021525286670666,24.29112220275211,69.11067028338128,13.487705792465054,3033.855547094264,0
0,1495.395066074081,3.1,2250.0,33.70701617871495,24.90473727703101,69.497738620603,19.276204474898638,2303.4278435748392,1
0,1306.0658147653683,1.3,2950.0,23.04841110474094,22.180242588036098,80.13176493018128,18.62296303604939,2978.2647691341763,0
0,1423.4152360531427,0.5,2400.0,-31.052068940219733,20.22551131631683,76.32826675724141,13.30913473062339,2613.7390690922375,0
0,832.1953352016254,1.9,2950.0,-24.65422167352167,18.662899682575752,70.91806395389166,18.96936265568778,3003.9017656314313,1
0,764.9828722707769,3.0,2700.0,-5.455799587558495,20.743702114883348,76.30284946559371,14.17798029096377,2606.500916315902,1
0,1431.577407059067,1.3,2900.0,12.201818739873975,26.147210981080963,61.31958376289228,12.64695796665685,2778.2112735876303,0
0,587.9779131881817,3.5,3100.0,-4.113672627687784,29.005616269243852,64.5067884004594,17.25457845211368,3056.9010161544775,1
0,955.3785407462092,2.6,2750.0,31.147800385480046,20.369466364200523,75.67369638104387,17.230437275074646,2675.717824455412,1
0,538.7143628952524,1.7,3650.0,44.799972888307074,19.519775008817078,76.03417048063255,12.759456076524945,3858.702947409991,1
0,214.94871402199354,0.7,3200.0,48.34174352869886,28.490065047689505,79.35336646768567,14.550814471492659,3280.9178590841966,1
0,1946.1032480685249,1.0,4000.0,23.42028180968662,22.272216627522056,70.07499397634005,19.94251569804431,3923.278454209728,1
0,977.0653615815543,5.5,3250.0,42.10402542387165,31.320992149182935,78.0638524154039,17.427413336069897,3195.087258330405,1
0,1944.8293059556854,1.0,4250.0,0.9362056595316677,28.000451588545225,77.09950831400474,17.840601332826633,4429.326640849715,1
0,452.58233558208696,1.0,3800.0,11.208658199144901,22.574584661402433,84.08483445924622,13.703338284834444,4030.4948006360796,0
0,1257.2602030234748,1.8,3850.0,-14.174704553516595,22.05359846911187,65.37825566061699,12.630256568031314,3424.1742184318223,0
0,561.7532590242313,2.3,3600.0,45.17248372429328,25.331777407798327,73.79198909381599,14.215213517927502,3563.018099183064,0
0,1622.1334285338944,69.5,2180.0,64.14864630016376,19.10802535589493,75.04411105276174,13.991187081545537,2191.9670785732515,0
0,1610.6653797697554,29.3,2500.0,6.2850570866292745,19.647471177034184,84.96619712335551,13.876352805984425,2582.2207570873843,0
0,402.6928682707612,52.4,2200.0,-39.25402346400388,20.462010338426694,65.02960355416629,13.542034575096316,2214.9150013299727,0
0,1841.7160151775004,48.5,2400.0,-8.885046627663815,28.846130306263845,73.0804504991823,16.598045525243236,2458.6367878761334,1
0,550.3333649658043,65.0,3000.0,-1.2543068021539518,25.194003029767714,68.65463269284098,14.624827806734574,2957.3473548100537,0
0,1303.3592148608486,34.0,2600.0,-18.155069734092258,18.147939718842203,73.14732421447499,18.562760120380243,2474.2856909804655,1
0,1974.1405161578673,13.2,2600.0,-10.757691264333644,27.429231384609526,65.80321505257766,13.471579342779073,2722.3344355977483,0
0,1788.3137625794548,32.4,3250.0,20.115455639761528,23.931662501246958,61.1903094606872,15.717016566948356,3409.1016678519745,0
0,1921.815071410104,21.2,3250.0,31.493061734694262,25.15193310949317,74.31413634744223,12.10926269140864,3377.107577772965,0
0,816.677788192615,2.1,3540.0,-36.609774100721104,20.9976274077811,68.39635789652081,15.853458579641536,3716.24756891631,1
0,390.03615599503405,38.3,3200.0,1.6959621629637542,25.72495119751745,64.54853504371084,12.446705767011796,3013.4283084310146,0
0,539.0243719210102,41.4,3200.0,15.941905117714693,31.70814535652084,68.09838915195084,19.821788094981148,3102.572458335354,1
0,1100.8908111379048,47.7,3350.0,-11.669188867116528,19.02822567408066,61.23200503619362,18.324737029203302,3575.093192617085,1
0,1627.8134208919798,42.5,3550.0,20.904603882447255,21.97484359530203,83.76105585225258,15.920891813091643,3625.8776551708074,0
0,470.2765595309754,46.0,3200.0,12.054257060168645,21.40196630005162,74.52869787433151,12.692698865434803,3210.7841132416866,0
0,1387.5167580693628,52.5,3100.0,3.7852344637484396,21.479690350516513,80.36921703367562,16.739563526323316,3053.147948345168,0
0,782.4396872711213,0.3,4140.0,-6.612290293915937,23.30188900591528,70.57795493869327,18.07011000561502,4454.946060720448,1
0,814.1637303058762,44.0,3500.0,21.83519474375984,29.453536986418346,82.58286668915464,13.525738024037963,3128.2088804673926,1
0,1391.4519142842673,48.1,3200.0,-4.087190617840648,30.780021659501422,72.08295553880633,16.545666726299928,3256.4620088612373,1
0,1040.5989551597963,70.7,3200.0,-28.32534471228348,20.831011224425627,74.34863305501673,18.513687187062942,3187.210619646943,1
0,1661.659927446789,10.0,2650.0,15.552483088773394,25.601299131273578,72.29484950156642,18.14598222117053,2450.8499254389803,1
0,480.6533173930887,9.3,2600.0,-15.975581507746575,26.916585610316723,78.3319573966913,18.423936142937222,2852.1960239222676,1
0,1621.9068855806693,11.0,2771.0,-26.154907509467705,25.30558464109383,74.16640194005156,19.034587398957758,2323.6597819281315,0
0,315.62344650335757,6.7,2800.0,18.238051956747142,24.077069518756872,66.78997308950994,19.501456817275763,2820.3707980165805,1
0,549.2969844420891,10.3,2955.0,10.927271092850447,20.68765708202933,63.63848828306616,15.244169241628288,3048.696293420344,0
0,1381.0694861056977,6.0,3000.0,-6.65841542969655,24.83507102878934,75.15310972207445,16.55015282018302,2824.489069424326,0
0,1738.8661817199281,7.2,3270.0,20.723506097406915,23.617007587958604,72.22949903867591,18.325276208364887,3324.398469754641,1
0,654.8233299308283,13.9,3150.0,25.598307790338705,29.137887075031777,62.39939241740282,17.577118511566265,3107.5728728064123,1
0,788.9448904920433,7.7,3690.0,20.99571344808933,28.69046102828193,69.89043664483171,19.96416182611503,3908.7541182553937,1
0,1166.817346916132,395.4,2901.0,20.08811888037178,19.87598153687939,72.86941055001134,12.109421208837153,3512.5904990521735,0
0,580.8310516807442,153.0,2861.0,-25.13457567649514,19.239266735882946,80.67233084563975,14.841065722526325,2919.1230030888164,0
0,1660.0812708575102,285.0,2871.0,47.330926308740175,30.714155205185044,61.90252639583406,14.24822341016162,2975.05324980455,0
0,1592.5459610103694,301.0,2901.0,28.936763202296746,25.49711744550297,68.71238370615008,14.098526801324276,2731.264356003896,0
0,461.5250815384069,444.3,3075.0,-8.769772963319383,30.00921312195627,80.56640306775964,13.780238259991087,3114.630418263682,1
0,1034.8935172699378,213.8,3301.0,14.706048540152976,18.814115687929615,76.21059829428947,17.67299072652183,3227.121312307249,1
0,1594.6899799783184,467.2,3701.0,19.457273528141464,25.371218631302824,67.24895804509467,12.678075786202575,3873.942719259303,0
0,807.1931559861466,218.8,3650.0,14.016501101815981,25.551971204067307,81.13337805056605,17.932870671546706,3337.6973868795644,1
0,1339.592280891917,239.7,3760.0,59.82652479526206,30.0498284555901,72.33233951406731,17.54740673613019,3517.8159078201215,1
0,290.3836186236309,350.0,3501.0,-33.63129242403126,19.366539975215904,72.45879728276151,14.006433060007172,3748.8748568249157,1
0,1295.6397689527723,212.0,2670.0,-21.904936017647728,21.36623789146273,84.41468348000961,14.02267026532129,2703.640108691696,0
0,474.7753640010926,301.7,2640.0,-42.47339597906795,23.691536394418183,83.67791258090946,17.030884682756017,2849.6938186549914,1
0,1695.0499852060125,156.9,2480.0,16.996901356755632,30.121780655879192,68.9633170842461,18.097368843869422,2534.125203051048,1
0,839.8090344448613,294.8,2598.0,28.60037345766033,31.14436641098794,63.51447821657706,19.011884904698924,2677.4643708925473,1
0,706.7969529107522,240.8,2570.0,24.039975853637564,31.898144674310792,68.14166830695235,18.817116510835806,2522.2745783784394,1
0,1713.600158080673,214.5,2950.0,7.771892580387472,31.4287088104193,60.7620815077847,19.719063953310826,2915.7279573466144,1
0,290.25924152925836,269.6,3040.0,25.163507343799512,18.083184581820962,60.51919716775978,16.65107916269209,3215.9097443611513,0
0,913.8958388018206,328.6,2309.0,7.588762135048556,18.667916780354208,69.88805340628548,19.269244490722876,2289.1561480232954,1
0,866.0063730350565,102.1,2459.0,33.51814207456604,20.06649546820624,83.52549556743085,18.468106186083286,2633.6188195211594,1
0,712.6406736491915,296.9,3590.0,42.68235643464027,22.884069354783826,81.7839335308052,19.157340994512108,3566.3375264167817,0
0,1841.1577976026588,88.2,3450.0,-8.279700811338554,29.618852433817423,72.78607084794058,12.093012810282932,3205.8146370906506,1
0,1551.6711083301,195.6,3658.0,7.809063474074674,30.497186734696726,74.13065952927077,19.72722393492649,3379.094373273786,1
0,315.0616955454898,475.9,3250.0,11.858365368186957,20.615681688124162,60.14833741865141,15.788241302771826,3216.511478265462,0
0,1486.4374089829173,190.1,3000.0,50.635831988240795,26.67529812267592,65.38752889584414,18.385463916598745,3164.8331674483584,1
0,1149.138439631829,0.4,3800.0,-5.33605140013643,30.84306779091387,60.61935317335959,13.017632954702247,3648.3590358373526,0
0,1821.5622099228426,0.4,2800.0,42.44157028991502,24.49224430303849,78.8634883173847,15.167528766511793,2922.940129713893,0
0,763.3021112270452,0.1,4000.0,-21.65149175995674,19.449610007338975,63.64114490066245,14.171685304167926,4024.1764591162046,0
0,1233.4915992972492,1.5,2680.0,46.088640027445166,24.40939110118475,81.72617756192042,14.333270164007496,2777.4785319836305,0
0,1101.359494533775,0.1,3400.0,36.29708523442612,23.2611286320328,76.0831078418947,12.986044959607053,3340.9038167582753,1
0,1081.2096312096903,0.1,2900.0,11.1085615427525,26.0872119449241,65.73546691289283,18.446110660344054,2931.843731365074,1
0,1020.9897191309827,0.2,2850.0,37.916842796179594,24.14122158169945,63.94300792708124,12.073938516648624,3010.5250829346737,1
0,570.1330559581063,0.1,3500.0,2.4764865700854592,18.24284297595205,75.69061752307633,14.500043655881619,3496.393997896476,0
0,1560.277860486307,0.4,3300.0,-8.070323749560856,31.915968267791396,82.52092450705808,13.39528434573132,3196.0787535730033,1
0,1012.4048589307197,0.4,3000.0,57.6615613936702,25.609563328227992,77.95900547285954,16.712311524866724,2672.805830250266,0
0,1925.3292950046903,0.2,3700.0,1.4704711366634768,24.630830576784533,68.71366629008443,14.03401922091635,3820.220214213109,0
0,669.4551689469973,0.3,3566.0,31.925059932843396,31.364643201056758,74.68458988171618,14.071987636224797,3400.8967830951588,1
0,1428.938911328674,0.3,3200.0,42.72103547679265,20.182045146219078,67.76904238431054,15.90670515196255,3100.054569525744,0
0,1893.2907433503951,1.0,2800.0,35.15830047647325,20.649326435633476,84.97873916946648,17.221512314727406,2620.095974347326,1
0,1394.2249814289667,0.2,4350.0,29.981791771818756,29.31220648687897,78.72097971154628,12.970437636521309,4289.947877219436,0
0,1768.2912337113103,1.3,2200.0,32.0044020015819,21.65163512035012,75.35954099391884,13.40409161972397,2476.8757967862125,0
0,1689.465727562611,0.3,4333.0,41.43632848585483,29.18917948808138,70.58147856914573,13.97739795675614,4424.523127819781,0
0,848.2118878802069,0.1,4400.0,22.94304337532335,21.801468760719036,75.45380725648893,19.789985712943682,4229.947526326672,1
0,1280.2230918910936,9.8,2500.0,14.008948052627165,18.46462682315002,68.54040156168337,15.177219999543363,2431.5544911255647,0
0,481.27041166044006,5.1,2800.0,-19.223513917579858,25.238206134414025,60.721620986450766,16.79192072504821,2558.2934020090097,0
0,1163.946588852079,2.8,2800.0,22.9531715593424,20.75361007777606,69.87721305891583,13.932342501727824,2610.0571967763026,0
0,614.759549265807,2.5,2200.0,40.70845942394703,28.609848101054595,83.26202048949668,15.923676201259903,2029.7837930522803,1
0,1538.726266914402,2.5,2550.0,-12.518054991587288,26.976794865250074,75.65752736934664,12.592953395087665,2591.360808723684,0
0,1150.5051594058243,2.5,2550.0,9.273581946457758,30.93043735169085,62.09889257677254,12.277937167378616,2618.3469205884503,0
0,940.2092527369889,2.0,2550.0,25.634327669974706,28.961837001720305,82.12484033487564,15.74986821457168,2561.872565885685,1
0,683.8347731005596,2.5,2750.0,52.80914493428173,20.530863367770177,66.72187123353787,15.189274300147297,2811.0237139742526,0
0,1997.6572673143164,0.5,2550.0,-13.96422893865827,29.20221531330715,66.09423732706819,13.095042557534622,2432.7709271771587,0
0,329.0789375928788,72.2,1500.0,34.83631222086086,26.984318627396327,67.42727421950802,17.500811431365868,1396.655084904488,1
0,278.409225030356,63.5,1400.0,6.055327287979697,27.36532298464875,74.43005590314894,19.943227927194116,1303.0121867542334,1
0,591.0633208889562,84.2,1300.0,-1.8408144107628814,29.651680403582084,73.61720233584941,15.1651745695737,1206.4837664258316,1
0,1947.9304255300754,67.1,1400.0,-7.950206627867498,26.033536968645166,72.28534386557205,16.996469087339158,1430.1286753082961,0
0,1962.628702975972,124.3,1300.0,-1.3885633952735326,24.52404920094218,77.93842158781567,19.703807538915886,1457.0684712637185,1
0,1378.8699225898447,20.0,1750.0,27.477661049498067,26.91297449502219,67.91344328337398,18.652279779575004,1640.0362257904408,1
0,1784.1920009715286,41.9,1927.0,9.305718093900904,22.171404005417028,79.55161303931078,15.708417786421485,1887.4642252360704,0
0,585.1311155134317,46.1,1912.0,32.85593669329272,20.55635983521939,64.38304195946498,17.899915875679355,1935.27592846941,1
0,1949.6757695179224,28.2,1750.0,-13.046221108703428,26.632229732997452,79.56551972692523,13.025080322004193,1720.7041577416567,1
0,457.0127302512164,36.7,1750.0,32.42492757307872,21.273877167196687,76.59525263125707,16.096830843710393,1784.959771051463,0
0,382.0253387269849,36.7,1750.0,25.84483512547523,19.118811530852494,77.08020773868967,14.232482217439493,1689.5839576695998,0
0,401.9807706450912,24.6,2152.0,-22.69491111472977,18.007758584193553,72.0388349281815,13.289309503169289,2064.155207916559,0
0,1231.6302618906163,22.2,2127.0,52.65583088492218,26.516471619600942,76.67503831702162,15.410247250036278,2103.7297228377447,1
0,1605.7539212924942,59.0,2252.0,23.49762324164302,23.070082968723316,61.994926163986435,13.048116435468916,2296.1249804672884,0
0,860.0009201743396,42.5,2250.0,34.13576823087738,28.532353589428382,81.28877792623419,17.591880865395886,2423.1364250320717,1
0,1960.2127780150277,43.1,2575.0,43.90339371614098,23.252469576383433,61.38868083719115,15.649920352426683,2633.1901656197815,0
0,981.956248612993,73.4,2162.0,39.20937915883698,24.804048275335173,63.71853774678743,16.249157060517312,2129.2902133096086,0
0,470.80739139178934,34.4,2377.0,11.847439586046058,23.69918961941539,74.4197427124309,13.171007509345255,2495.4878293129937,0
0,1038.740146735046,44.9,2250.0,33.12900333508505,27.10804707553085,78.48528638641729,13.118173288747956,2385.013621122753,0
0,1422.2668977603917,62.2,2002.0,-30.251078063200453,22.985948268209555,61.90628910865634,16.66732348208099,1965.5619681113592,0
0,1698.0064049078817,37.8,2500.0,24.84415605760103,31.492747099192325,83.019120353058,19.88007798263557,2478.107050325645,0
0,1025.7829219218672,27.7,2625.0,58.31212519239063,31.106057812379422,84.34019122001746,12.770004665901805,2557.731274932415,1
0,1268.4922868885014,41.1,2825.0,-2.3844366370940726,29.87239063720194,75.14875432519278,14.28585142852625,2964.1431102713777,1
0,681.2204818859361,24.4,2500.0,37.88633802693412,30.884203788018475,72.03108638442092,18.955672932303102,2511.1285856019326,1
0,1362.6497475299252,63.7,2500.0,59.324596302425554,24.287955638431473,78.53487430699374,12.578176098041896,2289.1721603323354,0
0,1974.7494991106187,65.7,2750.0,32.23017174122691,25.51002555505289,68.20893380818013,19.00708577093561,2817.0162069715434,0
0,288.29643065802895,3.5,2400.0,40.63516812854973,28.38929629581542,72.33161085262766,16.19428786699801,2614.507480807922,1
0,1795.755207269302,21.4,1675.0,-24.236811326295452,27.746042949139575,82.90377567036003,15.266134191411407,1832.6445116970112,1
0,1212.108504981541,15.0,1750.0,-8.373102035971101,30.469500338476593,83.89138563103833,14.477444514811648,1699.6937548993242,1
0,653.7775872121399,11.9,2250.0,50.74338165475176,28.028634381593733,83.17672790127963,14.376937265022736,2155.957692634047,1
0,1918.8014780166643,7.5,2500.0,39.008753808924205,31.97038591519845,66.561201674096,14.44642065959583,2784.6802113698686,0
0,1070.037745506018,2.9,2500.0,27.400526588031212,22.879081197642275,65.81172600541909,19.078424647681565,2735.0055582166065,1
0,797.0424530120941,3.8,2250.0,8.384709944133036,29.66196839135185,67.44161264823286,17.790361841398283,2313.085864674809,1
0,526.6957308875141,7.5,2600.0,22.115526188426827,27.7668875196573,71.0327778097115,17.357784062649205,2332.8979918209066,1
0,640.0139784619918,4.9,2500.0,58.45366895815348,27.67941023301026,67.85418531979909,18.389993191616007,2409.0519122143364,0
0,1699.1282748645967,1.7,2400.0,12.452440705614299,22.561698327829987,69.35531989347645,14.05691730403316,2242.5275492656097,1
0,1305.9380167708985,4.1,2250.0,32.48127722071909,28.998425093922314,75.51592380301899,16.944342496654045,2494.668099488782,1
0,1843.8421150789688,461.2,2900.0,31.82449901174232,30.60526431286639,79.06314192734939,15.680529911663609,2634.5490930180044,1
0,617.5432138840144,451.4,2800.0,-1.6462730670913608,21.05967846128788,78.38895495669793,18.259533081601546,3103.012964176304,1
0,418.04943292802267,910.5,4100.0,0.2828839123941247,26.756955719633858,80.3605891769788,14.474048883786285,4074.0408924777817,1
0,210.95755575606202,554.4,1800.0,53.17533153064981,23.489887607438853,60.80461008038505,17.145428934959167,1670.6484701054806,1
0,1114.1516677087889,647.7,2100.0,29.253248637946143,31.85367367012828,61.1933447419689,19.05769929453851,2224.336602814667,1
0,1996.9524746875786,597.0,3000.0,-2.008565477496848,24.703659421643543,79.73457401721573,15.217203809559429,3113.3089480799267,1
0,1450.93748387355,1255.6,2900.0,7.218017903011596,21.196482433157197,73.32697055811579,12.532976698939692,2679.6772564051953,0
0,755.1102655372629,1102.3,2800.0,-9.639695516788905,23.346006753105655,74.45351684405301,16.128406578734342,2795.759166144535,0
0,1778.345449447109,873.1,2800.0,41.66254147952604,27.15373745743277,61.31467150535943,14.767779902456208,3031.095489721152,1
0,1607.1000787783275,712.2,2800.0,8.705829323240774,19.065251198894067,66.38284502928177,17.3778030443774,2731.1362081705233,1
0,227.74729893777067,1096.5,3400.0,9.038858321260944,26.45042688309733,75.95885762213695,19.60826339798885,3742.66460917991,1
0,1670.3488649738404,1124.1,3500.0,36.022965913260904,31.037146628504573,81.4795472527669,15.884866543974777,3343.5956014753983,1
0,740.9481630292928,1106.7,3250.0,-26.98566548461782,29.905079027209908,82.92458492953506,15.72952184124427,2933.7048562339305,0
0,469.41223625048195,2.0,2000.0,14.07742898178082,18.947429513211766,72.51048739587705,17.236678401531684,2005.4258860517011,1
0,607.3955115267343,2.2,1500.0,14.727470072515489,31.907458302346953,73.63685581845493,12.827980028748541,1368.5421570289964,0
0,1043.4436478752502,2.2,2500.0,7.8597870652738795,27.78217693185431,80.82624077672477,14.028049511400116,2518.7330934851516,1
0,964.7622687224199,2.4,2000.0,1.2615550355512681,20.27193154039633,73.44061501868387,19.351834604003187,2000.6171769769362,1
0,719.9971388736082,2.4,2500.0,-2.7514764155127516,18.17382524837193,72.92146313843293,17.35954090691013,2386.161018877114,1
0,509.9929799726589,2.4,2500.0,22.061262231630973,20.39795690809012,82.62710094402384,12.10755235186733,2781.8023719757534,0
0,1572.0154213559047,1.8,2500.0,-10.252161471488566,29.734462889600337,79.748318026397,13.63700378047216,2499.4036493070125,1
0,1982.1976107228509,4.6,2500.0,19.02962305629646,18.302950549232293,82.72681315903236,17.462698128231192,2629.6548019584393,1
0,1600.0248447554427,1.8,2500.0,1.1773765407300214,21.26406225065321,65.45617636952885,18.115193620500595,2639.307674834231,1
0,732.6865418087742,1.5,2500.0,2.8398620043646723,28.602278334688258,73.10938716638393,18.718876581392337,2764.151684550103,1
0,640.6561305418401,2.5,3000.0,19.9247789029198,26.205547502573893,81.06180321483394,14.337414427056359,2782.304639811284,0
0,591.7985769186888,2.8,2500.0,2.5602313838951005,28.958299945042686,62.77869568667772,19.448228770220503,2236.3791066861536,1
0,446.05113408026534,1.4,2500.0,46.676116563231766,28.44610705357503,79.86655385734905,16.42357514862314,2758.6031073348254,1
0,1192.394989446142,1.5,2500.0,11.498349343058951,18.708419419705265,64.57433458537173,17.572312179103143,2587.1681417745585,1
0,1289.7206695160196,1.5,3000.0,41.16620902104448,30.495159867318122,80.20296887463303,16.773910902239265,3022.7359824842456,1
0,1469.904789193647,3.0,3000.0,-4.048196101357064,21.17844567995176,75.3000234389217,12.981920437396964,2976.006437941093,0
0,1424.3840676806024,1.5,3000.0,-4.602534337540192,25.747494163216693,64.83089978712168,19.70491727507904,2944.0835612673095,1
0,726.1999603100885,2.5,2500.0,-26.57638787201298,27.020034191388902,71.83385448332002,12.983004639153222,2629.174935397327,0
0,794.5598097143238,2.2,2500.0,2.6960606301990797,20.360794952391334,77.0476291615193,14.03905565128947,2283.4344916635187,0
0,1426.726163796208,3.8,3000.0,9.184852425268556,31.667237593813642,75.84632252208856,18.50902304178384,3085.9196621561746,1
0,829.005753410531,730.6,2500.0,16.925700521146812,24.834183385222325,70.6811799057926,16.948775692008812,2654.6974092900236,0
0,582.7217413147634,621.6,2400.0,32.43376861595168,18.806997738363506,82.48416322302317,18.705193323010857,2507.028303209719,1
0,873.8050766541312,882.0,2500.0,30.61988473673754,31.121668626889765,72.98158536219611,16.12588950699236,2489.291404642726,1
0,689.7514836403598,776.4,3000.0,43.39103169187016,26.207749804705752,72.64668246321722,15.015945882933078,2999.520806163122,1
0,358.9628981934401,1405.6,3200.0,-7.182534175904959,27.78870477173927,61.55626474853636,19.374763996382278,3446.8531079498384,1
0,1694.2500240979764,1348.4,3000.0,15.770605110689115,25.352461059079136,83.05300974494092,12.290018540118359,3104.745634098896,0
0,1735.6005004826654,1639.0,3800.0,-10.004188786218634,29.686331366877546,64.42791421695932,18.849041762824367,4200.1812689194585,1
0,595.5505403003831,1933.8,3000.0,25.355860482538223,18.463868470704952,73.20861733591386,13.846542281502252,2686.3145936779865,1
0,316.58995914536314,1555.0,2611.0,60.106378426947316,21.757297113880067,80.08919003500776,18.78989062203174,2753.046079032079,1
0,1529.889387232123,710.0,2650.0,-14.910705127530168,24.57507698963769,65.38633192389108,13.113572907335085,2521.0082713765214,1
0,580.7515265541447,1590.0,2701.0,32.18869286553061,19.07245062839194,73.18433224927102,16.641751709524325,2689.1840485544167,1
0,908.1838809863484,1465.0,2750.0,41.216017728016084,27.882693370573215,66.01712273058352,19.104863352091776,2977.041070250036,1
0,315.4434540272899,725.0,2901.0,-7.318199275932031,23.511287796778973,78.99237494499779,15.788317175191125,2726.5305917454966,0
0,607.2852525651833,1960.0,2900.0,25.90820487258048,21.817351863754016,74.10852919682877,17.972533390427145,3268.1166938996384,1
0,1627.2241009933443,605.0,2950.0,6.0016707129784095,18.04730385531777,81.39939650987858,18.43737294284447,3145.7019488176215,1
0,1647.9136044473632,2185.0,3250.0,11.97085267992488,28.07762436449935,82.36395007193457,17.891953669734235,3362.9465237750246,1
0,572.7526847978787,2210.0,3150.0,5.173702603031318,29.673330324220064,76.21833706113495,19.402637894996786,2973.8450324039904,1
0,804.6449211920411,620.0,3000.0,9.378115551185862,23.53056749954098,78.13478115397362,15.57467384415943,2967.6492543385557,0
0,441.62915436873845,645.0,3800.0,43.888244408936444,25.899051678467117,73.73050249717159,13.385003513321246,3718.2897936030427,1
0,333.51073451286027,2210.0,3700.0,13.021471518854147,21.18761276301438,69.61071832668458,12.382488509619838,3426.426619222961,0
0,1985.909086007137,1265.0,3701.0,-0.04172942768603782,26.710767047921863,76.20294807552087,13.97167895710004,3943.88159966797,0
0,1380.0691122407106,1122.5,3750.0,16.724939029062114,18.169924416412808,82.70721558718321,13.145580031041938,3659.017801721927,0
0,1175.7737165569738,1835.0,3800.0,-38.05333531686177,24.841014559382618,70.41700951078595,16.463589931475845,3759.9750745521324,0
0,1577.8973007295392,1995.0,3700.0,-5.422402204453487,27.018876745769692,67.86025065934489,13.479562697693856,3672.2417228808713,0
0,1712.1388874379033,1340.0,3701.0,46.214778406233805,30.854684825216275,69.71092346381435,12.31146965831497,3653.4400544855316,0
0,1652.0865824805096,1170.0,3500.0,11.36636713780653,23.33870143971198,70.88494075528999,12.287918630949342,3611.3963458871985,0
0,229.7710087217779,1055.0,3401.0,3.0491496842062755,28.712662841734417,61.839025724442905,18.65255598691889,3273.937352248718,0
0,536.2542167428973,835.0,3700.0,19.324245198895674,26.36761841920901,72.46104601087487,16.7315994515442,3926.06672799209,1
0,1378.8295438120958,0.3,2800.0,33.41549832251425,30.97816958095113,72.3578562012515,14.864682415147026,2699.8809525324723,0
0,876.3668260471333,11.3,2800.0,48.21853575248124,23.57728745923203,74.71109569101309,19.153824341921975,2795.2075550375625,1
0,1968.4687719099925,0.3,2950.0,3.724347034614846,22.46733475822183,69.0705007617833,12.561572891261708,2718.732931657233,0
0,1397.7286267488573,0.3,2950.0,4.299518607282456,30.419987981718013,75.32768989888974,19.842576581822605,3139.6845243794205,1
0,1921.7880357125716,0.3,2900.0,9.420693975678269,18.689421619716047,81.95540775685507,16.930334322035687,3130.6928047532647,1
0,562.6036669624289,0.3,2900.0,40.72902068674069,19.909395501071476,83.8867747623791,13.467714031750788,3024.561641494785,0
0,1755.1226506070416,0.3,3050.0,16.426042116974,19.153662084176624,74.59030540352624,17.43255279181575,3081.18581119252,0
0,778.4341504674056,0.3,3050.0,69.14699353477977,29.803539392069638,61.064773849257826,18.1070500782685,3043.3857217086415,1
0,1981.2166548280522,0.3,3050.0,10.97479584513247,18.14850392718447,84.23089993167773,15.434742266966197,2764.1110212330013,0
0,483.8396097316651,0.3,3300.0,59.087140185443616,30.063200176958674,77.64655152240641,18.893060849964378,3031.7611514601294,1
0,1129.4116739089877,0.3,3300.0,-7.325762547712973,24.317749135197737,68.3990912138413,13.205859258371763,3448.5982144400955,0
0,1627.1201609068196,0.3,3300.0,-19.746176651431313,18.05635390395559,63.67894252409309,14.230700668620866,3264.20653163799,0
0,978.7564650872646,0.3,3400.0,12.464277670496093,23.623032480968586,63.58546530590687,12.747938892671918,3122.718145438631,0
0,1042.551308337764,0.3,3300.0,43.48467326290406,20.6152117746305,64.19361015349007,13.687022724858817,3021.742591473224,0
0,1975.440431910334,0.3,3200.0,3.0755152669315553,26.741606824610283,61.139313040345506,13.90983049528916,3321.9032808730217,0
0,965.554670542076,0.3,3450.0,-0.4134231782063864,27.51102305890305,82.55385471632279,19.34106552737368,3630.912716538565,1
0,1287.3297810783145,0.3,3350.0,40.62536740287388,24.825385985669996,73.51920582068341,12.624877510009249,3041.6822095372167,0
0,298.17138921527123,0.3,3750.0,32.62749342261843,18.56727335615538,77.49898531784594,15.419320961501676,3784.214098309515,0
0,1715.978144378468,0.3,3900.0,-4.810378792497026,27.185803261140826,80.70271273170769,16.259189497815303,3990.7657257966935,1
0,1366.7024881631783,0.3,3750.0,-6.272157500694753,29.788542970477295,79.78852515833,19.189544430417286,3618.676397106281,1
0,927.2361851530644,0.3,3900.0,35.73230278354704,28.084539882569622,82.06514059322103,19.981569749289708,4190.097594066998,1
0,229.10517191813557,0.3,3750.0,-25.79676457832454,29.619410865374462,84.18136556312379,18.027104919358685,3672.4307960222945,1
0,1265.003877068307,0.3,3750.0,41.98808790125423,20.807133329712425,70.97676536854848,19.766327924552236,3363.707057357542,0
0,222.78409127149195,0.7,4000.0,32.295719782793384,30.444431155190756,83.75838666670977,18.29680906028699,3953.2860725005617,1
0,202.16650503623222,1.8,4000.0,-42.022802705196,22.51070830907148,78.0822487085704,19.705621127771334,4328.312656486049,1
0,1308.9774118688383,0.6,4000.0,15.389206870315084,18.187667399527875,61.76670475770196,17.65816580755564,3917.0908605716963,1
0,540.2307212021976,0.8,4000.0,-34.4717040035024,29.80748304860699,77.04457803030863,12.638107403608569,3748.7491593336404,1
0,545.3975894925716,0.4,4000.0,-15.127229159093861,31.185497765506174,77.16791649012121,15.215361495941412,4150.769922831121,0
0,1375.8888184989387,0.5,4000.0,2.4257247273343037,27.177814763842882,82.64651409481317,17.172778270419762,4062.0164117283116,0
0,296.6549382908737,2.2,4000.0,-16.69471410654135,21.240112826487945,69.3233033117523,14.805748075634007,3999.2965075584907,1
0,764.1300106542014,0.8,4000.0,70.45402263610563,21.524422499955424,74.62278750679545,14.18707134491023,4114.509848749099,1
0,468.9774238556343,2.6,4000.0,36.60145134035447,24.532300228098674,60.30468877529356,16.619194137064728,3833.99448182022,0
0,1244.317465633761,1.4,4000.0,49.18597607907651,30.569635114419874,68.3018810545334,19.46801501361948,3855.995300403049,1
0,1391.1772785093126,1.4,4000.0,11.49283729129542,20.094367186065817,61.55609315396952,12.279854988129228,4174.604846526153,0
0,1498.0445364782784,0.4,4000.0,15.761685170100105,29.563631374168818,73.04682431912242,18.1538496283315,3768.066817760493,1
0,659.4161904534178,1.8,4000.0,54.51817605996291,22.078239321872104,80.43619126267383,17.781818224357018,4387.5774222332375,1
0,360.64955294585116,0.6,3500.0,25.84330985070047,29.32020637200737,65.16106730322673,19.7116274031063,3758.1675285522556,1
0,341.6305824954161,1.5,4000.0,30.306045036194405,30.88379676642154,73.18602613894447,19.44568977866035,3725.412114730351,1
0,967.0727872113029,1.0,4000.0,-7.7794896285899675,23.984914207920482,65.10021591276917,18.097860496353544,4354.19431490472,1
0,1902.519936312887,1.0,4000.0,-7.895295104388115,23.11070915747743,63.01721169615601,16.16327011746079,4036.52650715226,0
0,591.9122616446443,0.8,4000.0,21.525999564672677,29.231098465598222,72.77491979835855,13.634140425868159,4332.34900176839,0
0,662.1348824147888,1.6,4000.0,24.324233430239353,25.412760353311516,61.97871552374319,16.361885746604596,4032.022459516829,0
0,381.59984379054606,15.0,3000.0,-9.927278106633636,27.58228667848476,74.68386577844973,18.122815951357232,2968.1067224228905,1
0,1290.0264930090746,17.4,3000.0,23.961424155696363,26.719609317456513,60.78343651691816,19.165353701103143,2949.3366284911176,1
0,1423.7711731049149,9.9,3000.0,-15.541740056080364,20.14044383902715,62.667874296709385,18.31769607368439,2559.073433179542,0
0,1357.276174689368,19.8,3000.0,15.345754993092426,29.827065044053864,73.74993713718395,13.562135481528433,3166.878533849688,0
0,1750.0344374806064,19.8,3000.0,-20.93718238767928,20.740851559783906,74.78518532247284,16.797490513824474,2872.7218945422815,0
0,1075.566503046929,9.9,3500.0,48.19976470459879,31.05195001699093,60.724673252343955,14.657387676250856,3701.563030075898,0
0,442.022673380716,17.4,3000.0,7.21944703413053,21.50799807991007,74.33441970003896,12.073645339125143,3301.31245973989,0
0,720.9292352679428,15.0,3300.0,-2.3392127379507173,28.274333625832387,80.96256313309092,13.601767486309328,3185.6437091444436,1
0,1392.3739521584332,12.3,3300.0,-13.643457076301289,21.985175508910288,78.05790443234885,12.905765199467595,3173.9497110530656,0
0,1303.6195527348077,19.8,3600.0,-16.049633998704003,22.448995720216097,63.279627598019964,18.74175298831575,3817.683411366164,1
0,1155.8056335373326,17.4,3600.0,25.910255967184366,22.340025938952273,74.81186618909037,14.068050017182497,3499.0099456573157,0
0,1429.335953639637,15.0,3500.0,40.09504724088832,28.470491556365168,76.80631250185533,14.277583751100444,3776.621647431014,1
0,1347.303530671939,4.8,3500.0,37.593319607460266,25.795411651571502,60.930780043807296,19.679492574391073,3354.848708383141,0
0,1786.3848010369131,9.9,4000.0,49.91478906305619,30.36133438186496,81.38369171709057,15.032693784390817,4345.170586307533,1
0,1254.829479460934,17.4,3400.0,58.704511451731484,22.30321806885663,82.65668493224575,12.076685121155156,3337.629665947324,0
0,1601.4824456610017,9.9,3500.0,38.94817163340595,27.68789530879442,81.26130683405647,14.270769186769092,3569.352098760355,1
0,647.6728807396421,9.9,4200.0,2.427678530916692,28.54128039528355,80.61578669972783,12.9543966448145,4447.528895343388,1
0,1420.7286522603224,4.8,4200.0,19.237026185515333,20.120749582419414,78.62412996152233,12.82246849388683,4328.898755781338,0
0,1823.9494130888163,9.9,4500.0,-41.42413461191741,23.608251002477356,75.835800782049,12.619898321085996,4789.078207637677,0
0,894.3181902196999,15.0,4000.0,30.939503444545295,24.759444920905757,76.9656751247063,16.74607576140302,3650.563469175121,0
0,1602.387537209564,4.9,1700.0,18.731637759832445,22.97962345852124,80.15988233337458,13.514781789038869,1658.4653999020409,0
0,1504.6207421517836,6.7,1700.0,54.88070114758619,22.509576343567932,76.56246145903262,14.889942352328084,1706.4502410210505,1
0,307.14715436928043,9.9,1700.0,-3.583981540640373,27.609878515966987,68.19317391705178,18.896141729040135,1621.9171133219547,1
0,1246.71495732333,13.0,1700.0,27.887890850377318,21.022129567232838,69.39902755403385,15.394705118370204,1799.0200245362685,0
0,434.34082856144425,10.8,1700.0,-10.083601593652173,27.931470433515802,82.4264367093073,19.3255308004131,1647.7506175874141,1
0,1941.174510015064,8.4,1600.0,12.24916439350725,31.090618749470227,60.42805214492905,15.98350442716485,1526.706580202532,0
0,1660.5335048611812,6.0,3000.0,-25.88164714974672,25.912765296488516,77.47051453110706,15.190692918718046,3169.2821841073555,1
0,397.5028422448162,7.5,3000.0,48.90115866578605,26.560079314352635,83.86943881063038,18.003111416725613,2811.818188581616,1
0,419.15359576582114,1.5,3000.0,41.31623471619402,18.965057829737248,77.65570424894935,12.585400790144018,2820.5906861745034,0
0,1270.0529388427142,2.1,3500.0,3.1828902890752033,30.102676650649595,84.84779970579456,12.71582706385934,3606.738050549921,0
0,820.80051351173,4.4,3000.0,21.545883014288428,21.996269020798117,77.18862263820827,17.215789711383685,3241.887857318663,1
0,262.8305463315967,4.6,3000.0,15.962138208523177,26.61071631739991,60.85907573042153,15.895525705913986,3029.102203980538,0
0,1174.9547140994955,0.5,2500.0,-0.3098446180328587,31.707570376427235,80.6752470411731,18.32332200255368,2257.6233805136744,1
0,898.1211794345244,40.0,2500.0,18.079841534119936,26.33703640801931,67.11574779848297,19.33016669874825,2602.7402409101787,1
0,381.93768626913675,36.0,2500.0,3.930711082845084,28.145932824501287,71.15143064161103,15.10693502137238,2411.110257407886,0
0,1643.4567060607687,110.0,2500.0,39.50846675544409,24.234474655132527,67.80229789767705,16.77128021267717,2668.1137950908646,0
0,1847.1381775018508,50.0,2500.0,9.729791887344724,18.845121809210802,66.713852655242,16.00557302236248,2443.0519616362644,0
0,1561.869081225434,60.0,2500.0,74.76338692864647,29.166390892857038,70.78514259174463,19.85288524513946,2671.59183555837,1
0,1680.360158029299,75.0,2500.0,13.053805461391908,18.489983777695798,69.46878621101685,18.648675258852762,2437.328616762361,1
0,589.6830210790113,35.0,2500.0,17.819268627126696,27.80920960442996,75.83346454606473,19.29390166621883,2396.690152361987,1
0,674.4313116534818,100.0,2700.0,28.203963042792076,18.320902024094917,80.32878002468777,14.034720700620834,2389.3545317185153,0
0,575.3495725385379,50.0,2500.0,35.92627510588807,30.07227331207339,67.42721632968102,18.180211385300755,2401.061274417043,1
0,1577.1141764580152,100.0,2900.0,16.9493615454683,20.20690450166173,65.34302882055043,14.123785799981192,2930.8450065364696,0
0,1906.2507420820948,50.0,2800.0,27.659487467366553,25.199800936195714,76.67238177175855,13.669940267427119,2816.8746754724434,0
0,1490.3069721210247,60.0,3000.0,19.570099104253167,26.360109862764062,76.75800164576954,19.554129277244407,3110.094441389701,1
0,1786.6401767832008,100.0,3000.0,-4.464566143653926,24.40563570322777,82.5282809821543,12.154435333742933,3223.9465326551535,0
0,1349.6583707897107,40.0,3000.0,-11.20375749450342,22.770688850884422,60.39864216133277,19.723109629307437,3005.1599772663576,1
0,897.7878210058383,40.0,3000.0,32.48119055380151,24.549400146533603,81.32601655291275,13.19409517591045,3012.191470850903,0
0,966.3709068745493,125.0,3500.0,52.93077562525613,22.359820554336224,73.02505432370893,18.555504654346144,3733.705693132541,1
0,335.5785779013287,40.0,3500.0,-25.773830332307632,24.133712859132086,75.53255222930247,14.207380424544825,3548.513237061011,1
0,256.62295144284695,45.0,3500.0,-20.864059461697437,23.02478187397243,62.28428601403537,14.80561861944582,3306.136874010386,0
0,1451.8560875403393,125.0,3500.0,-21.105533006418526,25.926867529100036,70.81537332180115,13.73406169057588,3390.3524018110884,0
0,989.1720056201251,40.0,3500.0,34.37861376528576,21.33093827142977,65.6825601809631,16.68411233984864,3052.7211158344758,0
0,1193.987122498333,45.0,3500.0,36.46507391561247,31.841191768796175,66.35562575206272,14.784764380062992,3303.2851553857367,0
0,1203.7902457203495,130.0,3500.0,-9.408482981369257,25.01217934735032,72.60237786690068,17.259144315957307,3145.0330045657875,1
0,699.2764639999425,371.0,2200.0,70.14465881693494,20.718269083803136,80.31139876007781,12.125178543536528,2246.33215235768,0
0,1056.6065194930834,395.9,2300.0,5.375836779788779,24.678934493941814,78.5945232536214,12.514999068120318,2467.1911692978424,0
0,1047.368399001864,401.9,2300.0,50.89111800248046,30.129811813347537,74.77499897714884,12.79728922184999,2170.1628556355645,0
0,899.1689982101426,396.0,2200.0,35.21351895805482,18.30529510374154,73.48545481883667,15.35194948248185,2080.7202640058094,0
0,1677.2156901219269,286.4,2100.0,-8.95252034155487,27.51375766750204,70.68265108086224,18.518369381279808,2218.835924241999,1
0,1012.0952066376726,527.8,2200.0,4.549182632871533,25.67154915511499,84.31774933903466,19.10542328302706,2140.4829012847445,1
0,1286.560144110778,421.3,2200.0,-6.810428815484514,20.373811921181897,74.00481385585583,13.958485920487206,2233.890638457218,0
0,1811.936216685487,468.9,2200.0,-18.607982440164704,29.44467015026889,66.34915995780555,16.594957793912112,2298.093591036078,0
0,1759.2205211460605,458.3,2400.0,8.669468084585166,23.16438471323608,65.75226980100099,18.146919941540805,2298.036901495797,1
0,1802.7599668024973,564.2,2500.0,-14.965003799073521,22.113228403417104,75.28382576937855,14.310635439356869,2396.7011693539257,0
0,686.0089936370251,360.5,2500.0,10.626315975102719,29.593752685996613,73.07068818277322,15.272061893890186,2424.0421578255246,1
0,262.9684789545131,567.9,2600.0,63.323917268816516,26.939350646683305,60.192445073867816,16.19179362148571,2357.6450732201365,0
0,669.9202398115926,428.8,2800.0,32.417203948847266,30.575627171447543,80.75163430489448,13.07899877126438,2881.761683259629,1
0,701.6732221172756,539.0,2500.0,1.071752785039802,26.81837185139679,77.60305885581087,12.207858349806243,2590.130337058526,0
0,1836.8485881049423,252.9,2500.0,-0.9680830131603759,28.371447211049613,76.54573224195259,13.222446474546267,2511.95331721671,1
0,1368.6369191083472,116.4,2500.0,4.971992345727262,29.71024254763458,61.719516442441474,17.01482897002827,2703.9515104752927,1
0,347.0671272840118,300.3,3000.0,66.7783148440192,18.766354902739117,69.05139625431228,12.588946092269452,2952.986642616361,0
0,443.68147281998205,346.6,3000.0,-12.208861276825125,28.864685424171324,83.38455651831966,13.517570918801027,3111.166182846243,1
0,480.2170259755557,469.9,3200.0,14.955774428518959,26.591890745894077,81.56473103353409,14.70283108556243,3293.2802094871404,0
0,1334.7591467040618,594.3,3200.0,26.634073093295722,18.973109151212704,67.13857344673833,12.62296051445093,3046.570510484358,0
0,1523.7452459126055,321.0,3200.0,45.38721804061958,25.120090906162012,63.92647210247847,13.533594169293075,3421.7343770395073,0
0,1747.359039017713,4.7,3000.0,6.68323003717998,19.154413091775353,71.22719892921442,19.29015831186809,3023.0715343207225,1
0,1893.1457914512375,388.9,3200.0,-9.066892352237176,28.30326082412511,68.89575946669152,12.154393057815877,3387.124949393057,0
0,563.0682032955951,325.8,3200.0,22.23751806167823,25.651023994570362,77.05565941764978,17.227455393394898,2950.2207812933007,1
0,757.5904725032883,368.3,3000.0,47.86659327438443,31.350029523772164,84.160870252108,15.07527144732148,3019.7556122296023,1
0,632.5811853406951,572.1,3000.0,8.177917431009309,20.56389520200478,69.07503624956404,17.381189915458968,2917.0931753411896,1
0,845.770821439048,731.2,2690.0,-5.985445266492945,26.4844683352853,61.55560431630605,16.709533762907235,2552.5757150121767,0
0,1846.397193362749,876.4,2695.0,17.755171980853103,20.96214988398688,82.44035020855964,13.787990034837154,2922.91584244419,0
0,1235.2026204908507,905.6,2675.0,-25.58967714087096,26.596909786183577,60.94874325599677,18.77767590058711,2706.3451132810746,1
0,1528.7454151840984,814.4,2740.0,9.533528568705867,28.11709583305199,83.81914742883333,15.935523060874853,2497.1863191571215,1
0,1082.2146250282076,937.6,2950.0,44.4506420798072,28.11226061061354,76.614485700226,18.580288151307773,2861.9766220202255,1
0,251.94424400502416,64.3,2950.0,36.87117067799143,29.41103586955654,83.54223021104873,15.248100289505754,3116.2121906201382,1
0,315.5518747960658,680.0,3050.0,11.403393152714504,29.949703191416432,64.99149216622446,19.87748443132191,2893.9232875930234,1
0,1168.2614562821943,992.0,3250.0,56.48323482786419,19.08180416774048,61.01749488134519,18.16391486801037,3063.777856074605,1
0,1493.8202626760462,1028.8,3250.0,62.74687169772492,22.805740199013655,72.2052494569123,19.727601640900588,3221.326310714221,1
0,587.5949495517167,833.6,3250.0,31.602155719255553,27.61971528503728,71.26558536425313,16.11461183127887,3341.515019521879,0
0,1499.4372331861473,726.4,3150.0,-21.694283516381425,24.98020802347697,68.28730683137206,15.789529058325604,3012.356530382439,0
0,1659.1983922703223,710.4,3225.0,-31.997792634300005,20.66946325456708,83.94141185971743,18.04363047460206,3300.60458624112,1
0,941.4154610518002,492.8,3450.0,49.58725411093806,25.73793398233377,80.56459330403581,19.042330104107442,3457.216470455071,1
0,1543.554619119389,721.6,3675.0,21.118197954000422,23.704099138726015,76.53955053438983,19.713166366924465,3709.4941087527277,1
0,927.2539105912279,862.4,3850.0,55.88885445872243,23.460535887160272,64.07145729094569,14.596415248259998,3294.5041830016144,0
0,1421.031133019036,728.0,3850.0,-18.467068538637598,29.336552044099292,78.35808520546311,18.389636590741112,3853.676356464705,1
0,1575.1946887751774,428.8,3750.0,10.970369044517074,23.70637667365054,78.1753113674931,13.685164781084293,3693.594602355774,0
0,1985.4679129545993,787.2,3700.0,40.729764755089505,18.370363076725937,70.62670434040018,16.36459477396356,3786.6574222549016,0
0,821.713991714473,938.6,3700.0,-3.244687187213163,18.81288674447528,83.11964774285033,13.438785187273593,3554.8556541257935,0
0,939.8734050343006,852.8,3550.0,40.369626491438,29.987416583682684,64.17444705572527,14.779178894002712,3470.988608104966,0
0,498.1161069383084,635.2,3400.0,11.930511818016543,31.448411340175298,66.6834390602916,19.450866937651675,3508.753136447089,1
0,567.3315051232523,648.0,3650.0,15.701520159597811,27.637730710379905,61.58060848126584,13.16872559818469,3966.6122665591697,1
0,1448.1110046770798,0.9,2500.0,-14.590822415362421,23.101156117401125,79.88627395443969,17.059207161081574,2301.314038819468,1
0,1850.682062278057,0.4,2600.0,21.28465097143791,31.140404421126185,75.54398465238494,16.743634183419225,2680.0509638083204,1
0,910.288912990233,0.3,1300.0,69.81974205660934,27.2792432092603,67.87350764203124,12.965906821671892,1395.1547720918456,0
0,523.7200043039743,0.5,2800.0,24.700545132465763,29.82066968879073,64.09534158985788,14.607832350150497,2916.7104350384634,0
0,713.1790988893893,887.0,2700.0,-4.793106847227389,28.72193225651813,61.00369425071851,16.503852036122126,2886.710995673513,0
0,1019.0930686546495,942.0,2675.0,49.88853950195127,23.307950420816294,64.16863921564841,13.497428871907921,2587.7647586523144,0
0,723.1705928576631,622.6,2725.0,-4.0392881773231935,24.701830811910998,71.33211615844145,18.404989251302524,2927.2122039336105,1
0,620.4423496193592,705.6,2851.0,58.02758097846745,20.60585016115339,66.17942422526515,19.777252076278,2727.0735015004598,1
0,1524.7720797627433,859.4,2900.0,-16.873978209553638,22.088197406170277,66.47455443579916,13.718075199699776,2909.592307733346,0
0,214.12085823312174,980.4,2990.0,21.817710182282,28.893759258011304,81.88940916669286,13.495295718324607,2899.8710998590213,1
0,1170.6149492056697,940.2,3020.0,53.15781239215372,30.515697486363514,72.87844183652751,15.639480574379558,2936.2502327927523,1
0,1628.780252653557,940.2,3020.0,-6.6704782148536275,28.142445925519766,78.23129932821037,17.982122217120256,2708.0906611444393,0
0,679.2109153714428,673.0,3300.0,17.079002084982413,24.512431753192935,60.89277372570358,14.25280488188201,2909.580596789076,0
0,1285.9247191016314,1183.8,3390.0,43.93223105885093,19.211129765156464,69.12908389195071,12.159039269578244,3629.357739934257,0
0,1404.020190113512,1237.4,3300.0,-41.38802430829221,18.797271281778276,71.97923368488604,16.329765024263153,2943.7978336381416,0
0,1379.044453529162,888.6,3250.0,38.172093763874415,23.24055790457995,64.66042138025462,19.652804542138462,3298.836305735611,1
0,1002.5293415576919,692.2,3300.0,12.80183772707146,24.493504062747284,63.00478853613847,15.130214843255565,3042.790944019419,1
0,823.8403781764025,266.4,3460.0,51.048853839060875,26.527688710986155,81.75759446249606,15.361076433464802,3283.8401358285664,1
0,1704.6633314500643,692.2,3700.0,-5.687432138658764,18.09085329941796,83.48579067749492,19.751213736912305,3851.91517367874,1
0,1565.2027225997558,895.6,3750.0,-19.669396567289382,31.85612046652829,61.97016745113518,17.556860893013827,3786.457648562733,1
0,778.2593121450425,1444.2,3850.0,1.4240876267589222,23.0951443676566,68.72546781356108,17.753375382737,3820.630564184408,1
0,385.43454999597094,915.6,3700.0,0.9020882596447297,29.8733252932157,83.95714070361184,16.501616042968543,3954.113236673103,1
0,329.2535818018446,937.8,3775.0,9.837850588348397,25.489533879315662,62.07904332831162,19.796873686905933,3709.3887359210057,1
0,369.6967602180849,711.6,3800.0,3.285507261242085,19.82615236346685,76.09103432196815,17.51093187540445,4080.4348609858953,1
0,1249.164850145677,759.0,3700.0,-35.19746434410168,29.165917735483305,84.30553427417513,19.160262012841358,3462.5834350201862,1
0,292.9919164921814,821.6,3580.0,12.626090762421983,27.937579048878263,84.45559171453436,17.59503092586577,3324.4329692358137,1
0,806.4683749352691,853.4,3525.0,20.79491773811574,25.38410518900919,71.78058327259359,17.880926598723168,3495.7774370618013,1
0,1555.759463445613,587.4,3750.0,10.168938938525905,25.20374327867292,64.06872769455951,14.323287377137973,3750.7370790981704,0
0,729.8266997276805,587.5,2700.0,22.17070612504691,19.224714480512993,65.05210787443598,14.427829584110551,2560.9411254985407,0
0,1573.9545389242337,513.0,2725.0,17.123701959165718,27.181885280034237,82.24003487810987,18.263877196608234,2679.8567592625036,1
0,1541.8406687726995,489.5,2751.0,-19.549838779368855,30.757432180560198,82.7920751082434,14.373650313359196,2976.2680704364648,1
0,642.4888387397893,69.5,2800.0,7.478681275936491,19.305428869099018,75.19699109683887,16.502160566412254,2733.742206674394,0
0,1511.879924166942,424.0,2900.0,17.847497972579603,21.68916030908467,79.15440998674778,13.994818487253616,2563.0717461619915,0
0,1545.9979488897814,625.0,2950.0,9.07073422185169,30.632311628189385,78.4982812867602,18.535867046472553,2641.4303418342174,1
0,915.4170662006484,807.5,3100.0,-22.319753015715264,21.980814737477107,76.54553994972767,12.88401080982152,3488.1123644535073,0
0,578.7568707347327,927.5,3151.0,45.577823626707584,27.15521141051897,80.68192387179847,18.635573118093316,3425.245841996902,0
0,1138.2874524053645,589.5,3151.0,-9.303891334871057,25.48745430920402,77.13516557600803,16.821838404060813,3068.569467509271,0
0,1858.5156584003535,749.5,3350.0,-16.054914865547477,26.34858647005407,73.35005764368748,13.495276278616618,3512.9293536484392,0
0,1351.3101183777114,207.4,3450.0,16.020464159735884,23.821044622081544,65.92390906470392,16.336283084048944,3503.906651601617,0
0,511.26049572907016,1336.5,3500.0,7.106079069520284,22.199880587751956,78.59720360296548,14.259990694778724,3766.806130017223,0
0,1428.9624645203357,570.0,3250.0,30.036039840265186,18.679468310215366,71.83594669595686,14.587738677843973,3041.1116541333677,0
0,968.9654491073022,645.0,3275.0,36.81634839073868,28.419933150118297,67.36979210018774,14.812224332775042,3070.05658494795,0
0,1264.7518352396714,81.0,3300.0,33.014121294701226,28.445308470719176,80.04865689354438,12.506553975778568,3561.235017612946,1
0,1521.3152630415943,240.0,3311.0,14.955424743689306,27.390160361102126,77.4178400088257,19.88769347521134,3014.352348252144,1
0,1126.9052327260006,455.0,3500.0,28.832435610033272,27.010873033674688,83.4334890781175,12.252277025049793,3514.6585871257125,0
0,1665.1711542319556,661.5,3700.0,-24.000327382452078,21.412039850345366,64.13604100047195,17.29997498547423,3690.0759749053236,1
0,1499.88004276993,779.5,3735.0,42.35902143201956,18.31282907272808,76.22973211591233,14.969821182059444,3910.753017725493,0
0,1307.1320120333191,650.0,3800.0,4.879258973041715,29.322015556396156,66.1059867022044,17.168082327573593,3831.8922350202465,1
0,471.4270684982327,560.0,3720.0,64.24844780162289,24.875939499741577,82.58957463254104,14.84998602470067,3690.528741977164,0
0,1704.708399640823,477.5,3800.0,43.119999424447215,22.295733829836657,62.48748535641539,17.39000517007087,3713.2369420043606,1
0,1884.6300535756689,550.0,3800.0,10.06786042476402,19.42704669492798,76.40404516112193,17.833884075746887,3573.184210656969,1
0,446.53722285673064,520.0,3700.0,15.535265710107241,18.878102272619437,79.77714303820075,17.524421123197158,3663.1262966102036,1
0,1078.834032980175,574.0,3600.0,44.60154036021205,22.884134105132482,68.87294600911768,12.911695850865218,3851.6614732220814,0
0,665.9997355469081,522.6,3500.0,-41.502970746735514,29.26631890673717,83.85345198459524,17.255145877237478,3439.95403960597,1
0,1558.1419533660162,572.0,3730.0,10.994230413362017,30.862132490673627,81.26826711465094,14.239900395632779,4044.7210280991935,1
0,1498.9333448084599,830.0,2700.0,57.53559351100925,30.554519104582905,67.36545749212259,12.230410964554668,2818.422687700831,0
0,453.59321702671764,850.0,2700.0,36.12133975062608,30.880011686495166,60.18852731789997,15.318645375111632,2777.2058622406566,0
0,1778.6490882709468,795.0,2700.0,-5.94284687180145,30.7081548038108,67.41642940295152,15.468344822430408,2673.7846370354914,0
0,525.7515151604041,690.0,2850.0,22.861865278018673,25.381146522405544,67.03276176176857,15.737393066819571,2742.542050062468,0
0,1635.0662461665934,880.0,2911.0,-9.41732988681979,21.071818939796653,82.24911518752273,17.63859332312573,3204.7062257390544,0
0,1022.5646473304088,978.0,3000.0,6.463328178459019,29.172652159715486,84.17802945636869,14.470750473139674,3142.845141180446,1
0,790.8901284046723,1396.0,3100.0,23.34594047693409,20.991981647936107,61.76099964925651,14.52224410483138,3074.075246295681,0
0,484.83067281358433,894.0,3100.0,27.74562954018297,21.740901874591966,71.78237071333292,12.484418049930085,3416.0353935099592,0
0,501.7056610639329,960.0,3300.0,33.235468105288334,21.26556050551568,73.7082999632449,17.49456972793837,3424.5495208237176,1
0,1391.4029984616207,1385.0,3450.0,45.84468192399012,25.20975365174128,62.32279153324258,16.542608731196673,3155.957061835627,0
0,1190.7746983048169,1340.0,3300.0,-14.843156106893954,22.50558511436712,69.43744272843807,14.795400901550305,3215.5485552781615,0
0,419.75375897221886,880.0,3200.0,15.600525693746114,20.15818469475478,67.92706043482377,17.64151183133884,3339.604615714985,1
0,402.85614878898537,840.0,3250.0,-6.258677449355751,24.344427766514354,73.40140885817718,16.298861993815017,3543.9756534923617,0
0,330.15903459102464,350.0,3250.0,5.028590072227642,30.234701342992338,76.52977249329845,15.753959566964317,3710.453699443632,1
0,1538.7812252723793,600.0,3400.0,-3.860940245094028,25.98773996929961,77.58712776241417,16.09059634928901,3405.215835034097,0
0,1481.3877534127205,835.0,3700.0,27.485087165442465,30.29669848242622,63.418875590334686,17.090785002136453,3836.8061257530767,1
0,305.17578353823524,965.0,3725.0,41.32548024849861,20.742210591107924,80.32369254861554,17.280020836596798,3588.311742527536,1
0,1208.4861360745513,660.0,3750.0,42.67535559956015,20.337634231415755,76.96355074476898,14.311662553125737,3550.3352904995677,0
0,352.41707943684185,580.0,3700.0,-12.629327025476385,26.058079759777883,82.226872918668,13.125946907129226,3325.747152760801,0
0,1826.742387096095,630.0,3550.0,11.917548839525038,24.48660462164782,71.23340148588585,13.25307344952415,3633.0696565319313,0
0,1832.8113545242384,430.0,3450.0,-13.322547318545837,27.242416983057396,82.34724406805479,17.115127087224014,3711.7532142140194,1
0,1456.8193816636342,290.0,3550.0,-14.155705699883942,29.12477507437494,81.64435305890188,18.982986286137006,3715.262673039305,1
0,1867.1400585910098,545.0,2350.0,-1.5432843568018875,28.51830213913047,70.96023330898174,15.275970226764414,2362.286188062523,1
0,1660.6154547446429,588.0,2400.0,23.58244227310386,31.191656431219855,69.52858288232447,13.3561612826357,2576.1999462700937,0
0,1691.3694366686889,565.0,2300.0,27.972876071141137,23.57558972819816,83.32030037425642,18.052819986350837,2707.205535031598,1
0,1225.4741310258798,550.0,2450.0,31.35573766241844,20.88941439147453,77.87911836346095,18.659915795355587,2327.7412334699648,1
0,750.9065567891166,510.0,2625.0,29.80896019511188,25.7127769592704,83.20613366095189,19.044659544967733,2243.2857069790816,1
0,592.0384072095588,550.0,2700.0,-6.196274342269135,19.5504036826766,79.92436947239533,16.854651431309865,2755.4686946993274,0
0,788.9600396700725,585.0,2800.0,44.56897548048806,22.04391572664284,75.23243598228535,18.885828475104677,2981.861745984057,1
0,1331.2917741603117,520.0,2875.0,35.08200089929355,20.910432773684022,62.89631942509411,12.12331966758726,2608.0845940846875,0
0,510.78176449831807,650.0,3050.0,4.682746007978045,23.551892035159135,67.28701681447747,12.857886414156187,3202.3930466110583,0
0,665.5524259471789,740.0,2875.0,5.627008198735631,19.557032050031015,84.22106017745979,12.74060853641679,2816.8490472371086,1
0,1042.5095530318358,689.0,3300.0,-1.4385395965816876,18.44578442367337,67.98555246785511,17.700837474037865,3366.694918537474,1
0,619.490177344308,540.0,3350.0,-17.296081687770275,27.195116064820446,62.33137174463427,12.556654268348632,3165.2770219951426,0
0,1259.5586054889109,485.0,3350.0,31.650621388623463,26.543485696057267,77.68883389798299,15.970914979730455,3152.910188249623,1
0,1861.7168512213937,470.0,3400.0,35.55154460765042,27.917025104541256,78.3501063635921,15.781655189090312,3174.6552775466284,0
0,1546.5608582656275,540.0,3475.0,-8.151311546981624,27.245410163798816,67.13644300717877,14.485628188465927,3614.1756103374423,0
0,1399.5679054680434,590.0,3250.0,-15.796467776799442,19.60012553599337,67.44179948365759,18.9632413595368,3128.2572145633317,0
0,1248.8986567708018,460.0,3150.0,-8.413419675657757,22.07510433925905,71.7223246377196,13.363465615039967,3200.982549185973,0
0,1078.3062366627169,0.7,1600.0,17.756115802979473,19.813372538604934,60.54472374405639,14.819702275193919,1602.8328247617337,0
0,535.8149473423875,2.6,1500.0,-19.549434366816428,29.801613628679885,79.73307525902909,18.193372000183434,1393.787255598438,1
0,1810.478819768358,2.7,1500.0,43.19524949893123,28.456651174977324,67.92721968185315,12.243378515146274,1506.8474925733376,0
0,647.3648036231054,2.2,1500.0,41.698943606457334,20.821378040855393,81.34407755004943,17.38360320197095,1521.3304469290797,1
0,364.3559796406894,0.8,1500.0,25.608623596535047,22.778329366858507,80.06576054000084,18.531181810892566,1595.6368506311094,1
0,1550.0273226116515,0.5,1500.0,35.24339374486986,31.532609891699,76.53505082796957,19.45814271070534,1634.490295880504,1
0,516.1079617960995,0.6,1900.0,16.4688846984771,26.31823101031512,68.12187167748222,19.010373123931878,1783.7795271910252,1
0,869.4127991741168,2.0,2100.0,26.628849870672973,29.2161783622162,72.90791404152925,14.555072934669482,2144.7081805196003,0
0,250.9128709237635,0.8,2200.0,-17.50455608274268,21.70427448676221,71.12073143994897,16.69091313058362,1907.3152244778018,0
0,446.7222965728065,0.4,1500.0,49.76198693011621,20.940740882510273,68.47204715621686,12.618347945203727,1576.6110033468765,0
0,511.76653536784175,2.1,2800.0,2.816176519748513,28.974837003851675,81.20340723257945,14.062960028384069,2984.346616544035,1
0,297.9382299503203,1.3,2500.0,11.77997928026863,27.602214373240162,72.08767686444163,12.753779029980059,2099.2428634924554,0
0,1381.9825219211214,0.6,2600.0,77.18001918480856,27.53369100896469,80.81807744492866,14.52149832123171,2547.082753425087,0
0,1706.614032445611,25.0,1900.0,9.499813772353104,25.736884145608713,62.630461853545604,19.00149770766983,1797.7311357450887,0
0,871.9677314586937,50.0,1900.0,33.485045375580114,25.89009679887168,63.525619715008396,14.777334717394341,1861.037037258951,0
0,1774.2376580927612,20.0,2200.0,27.863311658545197,28.299765074287553,84.43300762782442,16.49518482401141,2128.729297170617,1
0,584.0238342082278,24.0,3800.0,-18.320465758484524,21.780034735696734,74.69421156515224,15.467046784919527,3790.0531646517306,0
0,785.7027624102311,47.8,2355.0,-9.993576291130182,22.93875852199738,72.74424183747622,15.671332194389883,2494.508416552708,1
0,471.3265874561031,51.2,2674.0,65.89721608751886,30.20291478728077,73.0789015786028,19.756576414692468,2623.663260008927,1
0,1317.0065517541975,88.9,2854.0,29.47907356278586,22.324112814170206,65.3817193508215,14.369235746110864,2684.910100729881,0
0,955.7652635665523,68.2,2845.0,14.578124856891169,25.648333999310186,77.96759873754932,17.01859575618537,2811.2631923326,1
0,1303.9100243154176,21.9,2944.0,1.6087981868068848,27.836952496093577,62.11951559324386,15.360501356635577,2899.266635891149,0
0,1571.0148297095304,92.3,3460.0,23.00193905442675,31.998947575664474,74.33309282757558,12.489169448381489,3442.023007409911,0
0,1182.2654288593071,112.8,3460.0,25.378693323245898,24.094078640934647,74.26921991464754,15.914646652993888,3329.632030250662,1
0,1329.7346388232181,73.8,3578.0,20.663038506041705,23.993300272749213,82.85471060333778,18.506746632360866,3655.8489774330187,1
0,1883.4505659097993,71.0,3412.0,41.72401452461672,29.796237312071344,73.15457025262151,12.790023749453507,3676.7903381852257,0
0,738.3157572959176,68.2,3210.0,-6.671464554200892,29.277043557638088,63.42656739935449,12.556734779170473,2965.591936815881,0
0,846.4950895411156,23.0,2300.0,-10.017535919488726,28.23506234428368,74.31883148120406,13.229052163146132,2362.198755564477,0
0,1491.8660510768063,11.3,2500.0,41.076762299259016,24.485214923726403,62.28319110913331,18.115200891114448,2643.9594490415902,1
0,1300.3499306996962,9.5,2300.0,67.81718467859776,22.53514768225002,65.09484588249805,17.791963073157902,2240.114141403998,1
0,521.3592281714866,5.6,2900.0,36.06481106722039,26.52222675618788,60.7777146046854,16.520142151248884,3117.8829140664966,0
0,877.0651580188824,11.4,3800.0,47.443842794681046,30.267126103842973,72.83233956148746,15.745811232741058,3786.188457622668,1
0,1042.108423624487,901.8,2680.0,13.128984096835216,30.37288441492021,62.11331538233931,19.106606517620975,2498.942791713643,1
0,954.9017083431008,947.6,2725.0,21.652875621553633,19.518976830986137,71.73485946328323,18.13358259066786,2517.1000920060746,1
0,520.8946549796734,1010.2,2850.0,21.316408642473103,23.996903973384107,83.3236258831036,18.495538010414442,2984.202391917214,1
0,1863.974165211672,1191.3,3200.0,13.614333806138381,24.506107386782492,77.99403532548331,18.506098410805233,3333.0287119226186,1
0,1572.1737710491566,1269.1,3705.0,50.282421648990976,31.686615145332546,61.93529185563233,17.141737237964463,4052.741725582055,1
0,1066.440497794134,1301.2,4150.0,42.89618187341616,27.49197221339618,65.60524530522108,15.664116994527568,4317.008862286508,0
0,1424.1098509523058,1398.2,4000.0,5.019144517572467,23.70144984166899,76.84156049733585,18.9174220206852,3976.126623332913,1
0,1815.1088098439393,1044.9,3525.0,-26.139426473318572,18.3648104037983,82.3675465256046,19.408059340826007,3627.0082317300967,1
0,445.1134562508282,10.8,2900.0,13.41064306986831,25.915392241388744,60.822964669098845,12.190448346066745,2912.543225714552,0
0,650.6714912725598,0.1,3100.0,-13.866304622589578,19.345063658936986,80.31127829301485,12.41243898613001,3038.1413981296955,0
0,1176.862245061961,0.1,2710.0,15.591876408256677,29.682299402868683,74.04534700845772,19.6699463752675,2620.673597319777,1
0,1638.2186684342455,15.8,2800.0,-11.896648137224162,28.53526124798507,73.65228313240982,14.217284910753559,2510.5332751857372,0
0,265.25881179474925,8.0,2900.0,46.41291590014251,24.4471282387145,83.94532956883396,18.986955517195348,2770.866522261528,1
0,1971.2326703534488,0.1,3000.0,32.11056800109314,24.008950913583796,78.69111531491933,15.11036095169122,2996.462997803732,0
0,1018.8318851883149,9.0,2900.0,31.503289486270997,30.56274551796276,81.2529717014028,12.952800460874844,2429.1286820397413,1
0,846.6160531191014,0.1,3000.0,41.8046459357567,22.038416905853797,68.84988923861667,12.643545601674674,2907.3241361358473,0
0,726.9039881115893,8.0,3200.0,24.777681106022495,21.48627946949479,73.85910102071024,13.252063192643652,3376.750151452797,0
0,513.842073771569,4.3,4000.0,28.670044708464708,31.14876405956067,75.38514193569426,13.999145558938917,4322.374936311156,1
0,1624.8330360740501,9.0,3940.0,50.86746832403468,29.329441714548757,68.03959850906162,15.90814683144661,3815.3121306895573,0
0,1919.7454965429738,13.9,3800.0,11.637121804417939,29.488758302940724,74.25620312368498,17.61198320452627,3671.180222700558,1
0,944.5605587217168,7.9,3800.0,30.127883363473586,20.73271339986296,65.91638448699284,19.8911886118824,3635.844163800977,1
0,1914.3572505562213,8.0,4000.0,-11.328462747489397,20.006143880033083,63.58439177670599,15.532053946313368,3865.9862950114475,0
0,1682.8357077830615,7.4,4300.0,16.981922885919268,18.36441369743989,69.34925648193331,16.14547953874488,4594.803438606977,0
0,1065.892029457373,8.5,4000.0,71.48209300683048,21.31858112486152,78.48224071866093,16.174525611066045,4391.009948513777,0
0,1413.247122427039,12.9,4000.0,35.370634494702784,28.838666884000546,82.90467870184719,16.315474843903488,3594.765560058682,1
0,982.9715225068333,68.23,2635.64,12.850142108867171,21.360537862698095,71.44285128745581,16.141925256835698,2507.3161915177393,0
0,1205.7021347825944,64.51,2771.53,21.613515393404214,28.207445970328266,76.07059220688579,12.070198040495342,2461.649751191539,1
0,304.48340663330686,68.28,2749.1,14.475043591643095,21.5267157151439,62.57592827437751,12.013798576878726,2744.376849640037,0
0,1453.2742555409595,52.03,2875.99,20.79251549445889,23.534094971309404,82.61159396380822,12.781330545008984,2791.7176685124136,0
0,295.0843600714461,117.0,2600.0,5.024828744283971,31.764272058759715,74.21510533924837,12.81245282743343,2655.9915993841323,0
0,1670.7529044553692,124.1,2650.0,27.37178000504059,21.427364237977898,79.50845619062892,17.63917527163837,2755.451728897729,1
0,1684.9044730290034,40.5,2650.0,28.257748406198992,23.269188782175746,79.86103002303484,13.639328260127998,2737.809630304272,0
0,626.7391176011863,107.4,2650.0,15.165950259527632,22.21522052651299,66.41201315920264,19.1577128380449,2388.295715254799,1
0,782.5930058644404,123.2,2850.0,18.501482652906198,19.53474980862003,73.22936132954624,19.428850636616154,2845.6049182409292,0
0,1066.358681404928,131.3,2900.0,23.519191893185933,24.858517989831547,84.01199378902444,19.80714670316719,2604.944808618122,1
0,1273.9932324784666,138.2,3012.0,1.8189243066096843,23.301669286662033,62.24086362052069,19.512650439096163,3325.887647564107,1
0,717.2365911355942,79.0,3000.0,27.131758358705106,27.72841920130192,77.07624745073909,14.175106575348197,2936.1580601568826,0
0,1266.475528337465,22.3,3200.0,34.50394293141656,29.44632365732165,84.0566019508793,16.0782147576281,2937.6390519609986,0
0,736.0167318127379,120.0,3500.0,51.62165266262043,25.619496002938938,67.51442770135056,13.403639761575528,3385.7042453997033,0
0,299.8832979279092,150.0,3100.0,22.95931125146575,18.450749909222715,81.5361980351087,18.449677241379465,3138.666131725799,1
0,204.54958969743612,80.0,3200.0,1.109102795599604,26.6649129872861,83.3414386352068,19.10745364115277,3340.783706732097,1
0,382.0719042531715,30.0,3050.0,12.426568538022526,18.775470220293148,78.67715523487063,18.81031071438012,3287.9566468793314,1
0,1626.0512602952329,20.0,3025.0,-13.574101347963943,26.62898853038635,65.78320780767396,15.466935589574678,3036.4181161029533,0
0,1930.5763622900067,20.0,3400.0,33.1838145567215,27.59041928976864,68.35001797066485,18.06939107749425,3331.898256810123,1
0,968.5391587061947,70.0,3550.0,-36.49313067196323,20.76874678664526,60.895232360443266,12.780633356610156,3695.9197760086095,0
0,1122.8311162098971,97.1,3550.0,40.61637975711088,29.470846082104792,80.78633085613387,12.321958164954005,3690.0763965863002,1
0,464.326704332167,160.2,3700.0,43.63310664247238,30.75519184203668,81.240279662777,18.025891314470087,3726.368806310221,1
0,1191.8564348242826,46.3,3700.0,-58.2656318119373,29.383217497593474,75.81775774915482,15.40284219462947,3879.7361788221733,1
0,460.37882361255834,100.0,3700.0,46.882024830453275,22.27152866296915,68.81319628159628,19.964394117916555,3564.5247599065933,1
0,1300.1857961578942,63.0,3350.0,40.68215424349212,26.21300217423888,61.92027569099801,12.77803372684426,3345.1713513995405,0
0,1879.865601645537,66.8,3500.0,7.748705417894577,30.80741208867719,78.82644024787274,18.84502145228187,3073.075554870188,1
0,552.2573707454712,60.9,3500.0,-14.795392274657694,22.4893061671199,78.16315484024807,15.839864524231935,3791.872322982379,0
0,1576.2146925027837,81.2,3269.0,-5.943977496554609,29.48038951171595,82.81506304347252,18.617201564031017,3172.55960785787,1
0,242.30436107298328,50.0,2950.0,-3.962944909569927,18.13265183766375,78.26330052513406,18.537018257361158,3197.0148049378327,1
0,875.8950343789178,242.0,2950.0,47.901399005240684,18.051053838985467,80.71737355610004,19.327936010896618,2833.8542396154007,1
0,399.34731409491627,242.0,2750.0,3.773995181687985,28.635963244745543,78.64886544759999,14.382800090288821,2799.8669673850445,1
0,834.4557948722589,178.0,2950.0,37.63307740188214,28.660266149779694,75.76717970780791,19.598394827696026,2959.689679953292,0
0,512.3664553499902,178.0,2750.0,11.898483051592757,29.045680629932114,70.67415985477523,13.213335682860961,2650.670965764149,0
0,871.9489822211974,336.0,3150.0,16.376890957867786,31.020375730434274,82.55293271605694,12.655750220747924,3240.6460605876055,1
0,951.5410509935546,336.0,3025.0,-24.28488986207435,19.65068836548398,76.27421429768674,15.452924138978794,3256.766289721607,0
0,741.0640210056531,255.0,2950.0,-13.676753642281337,21.247789789771637,69.95888304914773,18.626583749134742,3266.7929538712156,0
0,1381.9195090516325,255.0,3150.0,47.32743803102731,30.652148885233306,62.086732379548934,15.787369045067564,3290.3746586093107,1
0,1853.9336922660375,336.0,3150.0,11.106936963316436,20.48130676881295,67.26762139760956,18.634293420244113,2921.303769146078,1
0,921.0716733894902,336.0,3150.0,22.516486222149176,27.551209746072175,73.59316837075411,17.83749444635444,2884.345585914139,1
0,546.2176816550386,168.0,3150.0,60.15892898431391,25.426482000571415,66.89088425040487,13.67542708911147,3365.2588701648324,0
0,687.30096475277,168.0,2950.0,11.80934553373787,19.164711475921102,65.53088369794756,19.59105299919571,2773.47940253567,0
0,1737.201482293464,280.0,3250.0,10.393850528648814,21.99369126718146,73.18483785219618,12.486249349035226,3370.111242363591,0
0,1228.9515018862662,280.0,3425.0,45.152147184993936,25.28521103017355,64.24550864739336,19.186237660350358,3452.5247308137345,1
0,1019.019858152523,322.0,3750.0,15.308742249642913,29.932901633573678,80.01025158312758,14.435547591922992,4046.7078050478535,1
0,469.34609871606807,322.0,3950.0,23.000175673199355,27.90553885460543,72.10920378356644,16.001184665315193,4070.858545018017,1
0,1009.5091549828074,300.0,3950.0,39.92040723847052,26.706364260369064,74.34656934906626,15.378814981605876,3942.7528878185235,1
0,701.285606043296,300.0,3750.0,15.002866094258989,24.94446045917981,63.684581689933715,13.37467645533533,4213.78023040363,0
0,1897.6936301360286,168.0,3550.0,34.689711834027946,22.18157577339788,68.11440839073418,14.865174931213545,3725.351717864766,0
0,1791.3261969483162,168.0,3750.0,12.10384319129367,19.669428758469657,70.25224208152882,13.543475490342363,3874.814748822569,0
0,351.0245752907564,100.0,3750.0,39.52847883929211,23.72706448392534,80.20532076291258,13.63109180368419,3596.4136337509367,0
0,1129.9762806702372,140.0,3650.0,25.533176737890024,18.399258914758096,79.25398807715382,13.496454688211042,3398.885164676867,0
0,605.1050219264098,140.0,3950.0,9.364900156527968,20.95478244973591,65.57443686969204,15.912139042772754,3888.506060302867,1
0,939.398761143723,196.0,4250.0,16.856239556271625,24.05476726221724,75.4044770401752,18.383450940090526,3867.7996813787686,1
0,1778.3263968526217,196.0,3950.0,-46.10831201355658,23.860472599406812,66.08640894429993,16.55176027008993,3873.6914533524196,0
0,1149.5261357993807,182.0,4250.0,44.84434145658959,18.620136033957895,84.70617889225613,19.145652708406736,4454.243160171794,1
0,801.5875280673677,182.0,3950.0,-16.365862124596767,26.24684214935408,83.80309695327176,17.092355908613794,4182.68419126687,1
0,574.1990373889947,168.0,3950.0,-11.727941517470533,25.695579581945307,74.08161801301551,17.514720925060836,3868.9449884186533,1
0,1640.5847469316807,168.0,3750.0,4.049535955172802,19.09346025629278,77.47256429735357,17.340857837816024,4410.594346793575,0
0,1324.1324276558248,438.0,2600.0,-29.823764432104838,31.20428273444615,80.03575955521612,15.595673545469928,2798.641126120056,1
0,1042.517828767216,439.5,2650.0,26.69040699860614,19.391358905312043,78.02496050112259,17.514710577600663,2645.234861572948,1
0,591.4718369533605,385.5,2800.0,24.025350117031437,29.967678117322706,77.49571727706052,12.557661971751688,2991.7591353493244,1
0,801.6434734828364,495.0,2800.0,2.8365241360921445,18.004336246810084,83.9638501987382,18.878811775325303,2702.6451646094074,1
0,1927.7181681293334,600.0,2800.0,-1.9509965787643466,30.351935330635364,74.91140265768209,18.222497147551337,2842.657840848247,1
0,1136.1618876905018,645.0,2900.0,-2.3349134233585396,18.276076250860378,75.90756679547638,13.96183966585343,2837.2613886685654,0
0,921.2587062378553,666.0,3000.0,30.36996025900129,28.609368446489626,81.23171876095452,18.144259634032657,2781.8801545431033,0
0,1138.559676226983,799.5,3500.0,-24.843146398877586,23.063671358203543,76.74727169646017,12.101140811200148,3611.8525382191833,0
0,1602.1793106192956,561.0,3450.0,4.775020519335062,28.33503520190848,78.32331555043807,13.737972579847042,3448.778235839646,1
0,812.1960857051638,838.5,3600.0,-23.235693000817236,23.6244328759497,65.85421715491606,12.521097909367167,3614.7491876027457,0
0,521.671017678696,649.5,3700.0,34.21861136529057,18.992710912645784,69.28167310287677,18.24181533294316,3693.9759783585505,1
0,1252.885013010286,240.0,3550.0,6.594439644761723,28.745093735535097,63.682533642797324,18.046993209427097,3358.7044433776546,1
0,1397.367386265921,337.5,3500.0,28.668733849103084,18.99753759449911,72.64413605837014,18.509088190414644,3833.550971017744,1
0,1482.8924053253893,517.5,3600.0,46.23844098381714,30.90968610345705,71.39318501700616,12.03585354660423,3653.7274576213654,0
0,1787.5776633790333,684.0,3700.0,46.66067594067233,18.713636501083258,84.92907035698641,16.009861813427264,3640.7335599472494,0
0,868.1134172404035,636.0,3100.0,-10.552532349103448,24.710553888801215,75.28021632038856,17.638689580138692,2856.4868744286427,1
0,335.63881321200523,471.0,3200.0,22.736499900086383,28.12248203191114,79.66112057986058,13.243209029912123,3469.4490622867816,1
0,1925.027450535696,394.6,2650.0,43.03485049925757,23.50545050708853,68.35036676894136,17.198325820100997,2795.8535982323947,1
0,983.0214693874553,602.2,2550.0,32.41191160419953,21.041268644294085,80.78863328356991,12.672880794477486,2550.230938074267,0
0,1321.8635174116364,406.0,2750.0,34.88325679471379,28.627273459544377,75.37712416219209,13.450606848834505,2538.1186271239962,1
0,1399.3495816309262,397.5,2750.0,-29.583087129714407,28.98012586704217,77.42480828996096,15.806374519956808,3023.7236570716173,1
0,1183.7246756621662,454.7,2950.0,32.02867411413733,30.917729775361142,67.36076944873636,17.228521221448815,2885.43206705441,1
0,569.4635535252862,463.8,3050.0,-4.823282409220877,23.266311546035087,73.71595979238943,13.166953015631169,2927.1135154122694,1
0,1559.2574902090546,302.3,3250.0,31.617151256554198,25.087524282962576,75.85092433534021,13.481786646647503,3240.421069088595,0
0,1646.753553747347,478.7,3650.0,31.070199721074317,23.08379819984501,74.72736689541452,13.635570936525305,3732.1547998064484,0
0,1195.3560548313917,541.6,3750.0,29.747930821091618,21.599145505919154,82.87984278561416,13.909606437591828,3712.0575953193206,0
0,1079.4100890527147,146.0,3550.0,12.23377128922913,28.51446146152652,82.45681661231384,13.81243078821033,2828.5190336310534,0
0,405.08872963037356,362.5,3750.0,47.90228400606854,22.755125830237375,84.27460144692176,15.161192867981093,3806.165855761064,0
0,351.1129906996109,386.7,3650.0,27.757700156585855,23.994092187892928,76.68570015017474,17.230317206693783,3852.0454499979946,0
0,811.2167220143517,0.5,500.0,23.037898655688906,23.65143120673639,84.29785325314211,15.504254265075758,473.26848448377115,0
0,759.5230799313078,190.6,2450.0,-8.360271275956968,27.977257159054442,80.81195000079772,18.207791269999106,2679.4012851077923,1
0,1916.5816117338882,222.8,2500.0,24.902275121494295,30.84913876554952,66.77080350849899,17.75414804758892,2631.2306312963824,0
0,1610.5209363981735,251.4,2450.0,64.4677671059505,27.33458485830328,70.68589173878243,13.012215312392605,2518.909955298686,1
0,1387.8637314663079,165.9,2400.0,-19.754562134782077,24.60215634531926,65.95981105472525,12.39073298656595,2253.9712800217044,0
0,1131.7665602316893,151.3,2600.0,33.25265244998749,28.90887160634437,60.10492902076413,19.023532511996848,2643.50347345106,1
0,501.2615553079724,163.5,2650.0,36.4059829899735,26.973598537709925,64.70121882867272,12.638648532502987,2706.4338578194315,1
0,1961.222009931711,145.4,2750.0,58.13798511411245,18.848544999649388,60.10151465717189,13.186713445757704,2736.482692650318,0
0,875.0732568323781,157.7,2800.0,33.143501881757174,19.339290209863783,77.99596153376226,12.177066204464944,2949.7450606699263,0
0,392.46608440504065,223.6,3350.0,15.266971580875287,18.530837217030868,70.63835744302999,17.02669092238923,3277.493157792874,1
0,1088.838012288343,274.0,3450.0,25.565289332853155,24.395428566888476,67.81436817694646,16.658964505266788,3393.7730081929985,0
0,1773.1964209035498,183.2,3500.0,8.298605789323682,29.56194808074551,79.04302227737969,19.895229331482046,3360.0620043820127,0
0,1797.123803199193,323.3,3150.0,45.48144972741617,22.383164370918927,80.81216936549113,19.095459170537374,3064.716255087854,1
0,219.73864890160507,269.5,3100.0,-23.724491541730224,23.378242563294744,84.382488466247,15.286745419847279,3072.1017761549633,0
0,1795.3323405525196,173.5,2650.0,2.8032206295957547,30.73267951715047,76.05033961688103,14.97268672730028,2620.408587153802,1
0,688.6715914997453,209.6,3400.0,26.15389344905667,29.716648234433165,71.5382239635013,14.37481627423988,3352.8684651250746,0
0,270.15025514316153,197.0,3600.0,44.27326946488537,27.310673573355842,67.6316075401859,13.219255360303052,3799.6051552487056,0
0,1726.022486653174,223.3,3850.0,14.655414700331745,21.735252949291517,65.55795523035566,13.104669252816073,4197.12320712551,1
0,1754.960160778775,227.8,3600.0,-4.558436776660486,19.63858075763821,65.32314876206503,13.058269664076843,3323.1199340060125,0
0,1273.21594371623,220.0,3650.0,9.728181170264225,18.224823517521592,70.22973436799496,12.912918057494227,3974.0020539298785,0
0,1233.9807631334452,298.5,3650.0,5.825960136795791,19.498149416461892,84.79465888219825,13.924096339244295,3797.707927963551,0
0,1663.6164907185548,169.5,3600.0,6.975620765020219,22.0963502107352,60.02134243593508,14.453349042504932,3407.0950222693236,0
0,1615.3571948785036,161.7,3600.0,4.120530682530424,25.72506089011294,64.93014743077502,19.692631768311326,3528.7450808054004,1
0,1802.1898521968674,162.3,3400.0,4.131423420191876,18.896001158533416,64.70982456008934,16.627786008015086,3457.9335152213594,0
0,1194.9454056740663,246.6,3400.0,-27.89847681380582,19.907188896458287,77.92798713830732,19.900766196106247,3062.37655360926,1
0,1941.7647669190555,2660.1,2500.0,22.503843538174404,20.535129832311174,68.81211818995155,14.979735582605386,2486.9883329132003,0
0,1993.0642956800093,2704.4,2500.0,31.868338882719357,26.847749301766285,71.43152011479552,15.66101306071553,2578.8318520285125,1
0,409.7802979975387,2556.1,2700.0,52.45987393547126,26.621057185721742,63.715603261747624,14.596629273322232,2579.411872111658,0
0,1729.1787671974198,2434.8,3000.0,36.510023918888834,25.71072016921014,70.12492597192369,13.463101207172421,2733.6260382565397,0
0,1099.6800639474602,3237.7,3000.0,35.23400180026253,21.507019945743153,62.5799952976459,13.145317662220634,3035.755839249732,0
0,897.6194089396978,2923.5,3000.0,22.40030132845359,23.195675677062248,73.32608219721457,19.560633582462657,3397.485077219432,1
0,1303.530157788887,2512.6,3000.0,-29.063804651040996,19.353656028728402,62.4484591345714,19.894485454390047,2871.6182380875803,1
0,300.73800307161264,1856.3,3000.0,22.003528043222104,21.170448452612767,79.7627095293289,12.359275972069852,2876.3318881280443,0
0,1111.6300137807439,2069.5,3100.0,17.80941704069737,30.567873170616124,74.16504293851224,13.202766997854132,3062.7081596436956,0
0,1767.603026048,2938.1,3000.0,40.746833512814554,31.715684450101598,78.09919684433792,15.388192738408181,3282.5509570633935,1
0,584.2307290501439,2486.5,3000.0,29.186965853431932,27.067234198964126,70.4629096663171,13.490667810755259,2702.5671746293015,0
0,967.5018105849653,2643.3,3000.0,11.753183922065254,30.83552608832788,69.53728233105568,14.911043149015066,3138.568343628709,0
0,1891.0655978867758,2011.0,3000.0,63.953805672817836,26.99838660561995,62.45522222622159,13.032770798877067,2915.2320243912586,0
0,971.4149080502551,279.2,2600.0,36.2114114117516,18.464750805476577,73.09639017607057,15.652094053774322,2539.986798618222,1
0,845.061738198317,209.91,2600.0,23.49661583211762,31.954676189809724,72.8625541214273,14.173556929354074,2442.413991739866,0
0,992.9659666220808,209.61,2700.0,26.382844695758422,19.38533222361149,71.70255111124013,14.815240446069286,2659.6666723309118,0
0,1135.0149797316014,286.75,2900.0,16.52955517860615,27.55698522023085,78.51295911706123,12.754501211701982,2729.2540151935864,0
0,1337.5844194366439,309.79,3100.0,15.412611382778215,21.53970684304706,80.81261000080886,15.425024405681134,2999.1286500626147,1
0,1641.247041650116,277.92,3200.0,-39.25547500755265,23.487735580697443,78.7697418737127,19.86606088769256,2726.6251532839015,1
0,1013.7839703757656,274.48,3000.0,-7.877093765271667,27.043078587213135,63.596643570171096,14.630664375049523,2687.8957685441446,0
0,1671.4656831622526,201.33,3000.0,1.476819285128279,24.1108228903079,75.5514877320527,19.01143419873948,3060.61013668737,1
0,1160.6971904337452,136.45,3200.0,26.26585849817016,21.507644825035797,62.008077642238334,18.74559313298948,3442.347536753666,1
0,809.2649186623598,422.41,3800.0,-26.2920872122749,22.682246616296545,77.36555718601191,19.616467346377686,4536.401040912572,1
0,1384.3114906149456,236.59,3700.0,1.9708158247962988,22.781673636924467,69.54597741402817,18.320876098136758,3905.250911981273,1
0,1491.9000585382844,450.78,3600.0,-1.23295012791041,31.43053466311499,63.31247390665717,17.27677461647052,3488.8253591556927,1
0,1204.4881561330776,442.81,3200.0,17.91887044596211,29.180582222928315,81.5512714244032,18.85267555381966,2819.1427572038947,1
0,301.9069516425021,37.6,2600.0,26.32807771776213,24.419682800711602,75.35020847597343,12.605157445258797,2684.203563130568,0
0,505.78917528948483,116.2,1800.0,-1.145311318950018,20.797492884779096,68.8681241986882,15.702645257590461,1643.1272517982736,0
0,713.5358976024107,108.9,2200.0,0.6516146829304326,29.35422554367718,60.76817949126249,19.91404990892047,2093.4525764399496,1
0,708.7260907126877,77.5,2700.0,-2.007395876482356,20.20055460251723,73.43275647509026,18.15680121035786,2843.5364366958447,1
0,1412.157440444367,115.6,2500.0,5.246795225663755,20.946471039988047,83.08064696215581,19.696603024297787,2544.130752989441,0
0,233.02759101253866,84.7,3600.0,13.72135920445914,23.124187485762114,74.90949581755915,18.23707484906783,3399.3219727669766,1
0,1560.2271986891358,112.4,3000.0,47.87813338062748,30.32487474192786,84.29126511548733,18.999055739537155,2692.848106115139,1
0,677.6164546524797,598.3,2300.0,-10.312349255090343,19.845013360877545,63.41127795676147,17.652237058425527,2329.2896013365685,1
0,758.0393231889843,677.5,2450.0,58.77102679125069,19.711278699963366,74.20762761487092,18.084016035337918,2499.3473975767474,1
0,1150.2376902990636,813.1,2600.0,-15.8454450443507,24.915649836273722,79.95312620016074,16.185424078716004,2834.6024230327703,1
0,588.6660816901235,677.9,2575.0,38.86605305266033,21.869747575311447,73.13851827814291,19.39390160651306,2189.9673516335715,1
0,1792.0483644359497,902.7,2800.0,3.105101382284852,25.96219118307424,62.276658899686815,18.600311284986894,2819.8606023781913,1
0,353.66380278781753,1267.2,2775.0,-7.773954386081954,24.32291358556513,74.57215003868045,18.751079725325056,2927.641917075608,1
0,999.8882521419167,705.2,2800.0,47.92199596171205,24.089427488917035,75.2934476460618,17.38407280770442,2729.3986844536325,1
0,1728.960085018802,681.9,2800.0,17.043818661612228,19.567621586817907,78.21773121188382,14.436639576697992,2531.761153344,0
0,1308.5190099582244,491.1,3500.0,16.087173215095056,19.974695663497762,79.03028787913685,12.285038363121114,3305.794236372852,0
0,726.1931285167402,895.8,3500.0,8.073102798601223,29.495100084255903,79.26931720526518,19.485241035276356,3507.8572152498273,1
0,957.3683739976293,766.5,3550.0,0.46343601848935734,30.40235832600442,76.58610984097415,16.688962790443973,3446.2688815952656,1
0,1472.0498846165262,860.4,3450.0,10.578853392707938,21.285569460393504,65.39527966046646,14.385143769185122,3512.904766172166,0
0,1951.8693380550187,601.9,2950.0,-65.67249061951462,19.588447021346767,70.10589389598698,13.193080862780302,3176.445423716798,0
0,1807.6496930829803,38.2,2500.0,-31.342280794242015,18.74783340708315,79.40324931535997,18.636185324006036,2440.1010424930437,1
0,816.3790550882782,13.4,2000.0,24.807955475113346,26.516166592386554,83.83567458502033,18.692161555580633,2146.3671047505113,1
0,1996.7561827181435,29.0,2500.0,44.56943426180208,28.014944975002877,61.97367412091555,18.516063745044253,2482.65198505219,1
0,206.30839435590488,47.6,2500.0,49.08891360689322,23.219339848844875,73.38841694492987,17.16066153573429,2550.8394077199514,1
0,249.73356045514717,40.8,3000.0,-8.924962133506625,27.515462144868955,67.81305678310765,14.928123100735007,2978.921269903939,0
0,1682.912927308149,64.3,3000.0,19.82053875904832,27.981423417833366,65.63484735792075,14.432562278242056,3065.66918200959,1
0,559.0328362994936,31.1,3500.0,-39.836877634624855,31.094791939556675,72.64526708799288,12.068438160945362,3613.135594391949,0
0,309.38468311323356,31.3,3500.0,6.215263302130209,18.908230929691502,75.15223351391342,18.668860469505923,3634.7802587600486,1
0,626.866531825704,28.3,3000.0,35.5923059710692,20.692084125235116,60.24430578548703,12.69946157994914,3000.5839819340754,0
0,966.9802771655484,1142.0,2700.0,14.562566358622357,18.959363826357833,79.50516430502978,17.046039984326143,2160.412665668069,1
0,1515.0192867801286,1274.5,2700.0,6.706305197501543,30.15191506670555,80.49705328148619,16.032599574720706,2796.4772081963897,1
0,1323.80394779217,685.5,2700.0,14.66777630318385,29.09622024046996,84.13777061419833,16.21351487141081,2380.8132441995494,1
0,627.7181916087568,803.8,2850.0,47.071188826150525,26.044988988705747,64.51609333061738,19.413702762462187,2746.222620246374,1
0,1105.886806581052,1071.4,2900.0,8.882458581785679,19.171287740716565,74.8638140590237,12.252920090169937,2483.923914981687,0
0,1867.1853897174237,1207.6,3050.0,16.816105326082642,21.826373021152076,70.66563433690986,18.18713779703018,3360.8352367103016,1
0,1667.0139985707638,1359.7,3080.0,52.98486492353354,22.168077872819236,68.37069628888376,12.416419186938457,3157.117679685869,0
0,781.7416126972281,820.8,3200.0,9.291952716138809,25.85040474421584,74.14083628593761,12.305228847483018,3137.444137761971,0
0,1968.0762104402534,773.5,3375.0,-25.91307940999414,21.612614516514014,79.55957733058875,15.438541585131055,3662.3280740687246,0
0,1475.5167207832358,1800.0,3500.0,49.21020046396687,19.021438094781367,60.57631958613025,12.504601394743734,3611.7260555846447,0
0,312.40884020020724,2340.0,3300.0,40.38987024377762,28.230672225946194,84.23500281415467,18.313151610343297,3324.668970072529,1
0,263.28928391954963,1789.1,3250.0,-40.41663790033774,22.18712296317576,80.24703964264276,16.236504749186697,3327.0531449655964,0
0,503.13430821805395,1469.0,3280.0,11.745370287945764,24.33323847832621,78.77884259113947,12.232310261278196,3204.8102992885915,0
0,1510.1405624902643,990.0,3450.0,14.445932884228641,19.787332889752275,79.00968455451259,12.324005491855356,3193.3853217753217,1
0,530.7300665163702,1080.0,3700.0,49.216269672497845,29.235676247524115,69.72651774046632,16.901348237915833,3913.317951853432,0
0,1120.6761845759004,1581.4,3750.0,14.640457962259887,25.917446276936808,78.79051377112035,18.44889454126724,3734.03186928464,1
0,367.86821632549714,1780.1,3880.0,19.14795427740104,30.62219876693808,69.66925521507395,15.502396250198188,3470.4763529774564,0
0,1857.5950840943513,1328.2,3780.0,19.92465124973529,24.936601882914665,82.46767073936982,16.436645372284996,3895.073077010744,0
0,819.1291044504216,1635.7,3851.0,3.3477398941222543,31.179959405450315,64.43055958266174,18.398635632399213,3860.4403540267713,0
0,1834.6377018091355,948.1,3801.0,47.430758837794706,30.486154861338562,67.30868560537878,16.884049392334553,4188.660866631416,0
0,1900.7761554389797,1314.1,3800.0,-4.806699649092838,26.070437990429276,73.7834385674769,13.798081901270557,3861.225368715748,0
0,211.03156516462542,1383.7,3550.0,2.8637966504955923,31.07450813409809,67.98027589718181,16.90441620695583,3298.43501329086,0
0,1035.4433369577177,1302.9,3501.0,14.851589338279872,22.523242462123733,70.60593113238184,17.026235672521707,3124.9605939567246,1
0,244.3809002724072,964.9,3625.0,-18.451322513372958,23.11899027785896,72.31056723496486,17.872855847049014,3899.984072697587,0
0,1835.6469793452306,168.7,2600.0,59.13523033682951,18.636691318284516,81.40883372033773,16.96699350045441,2590.0746455710328,0
0,1133.1335805222366,355.3,2700.0,14.978610010749058,26.248812694693942,73.07980634021732,19.753937043664305,2559.739709460115,1
0,334.89922285729426,284.6,2650.0,35.6151822980507,28.106935579005068,69.06149621536402,13.578306469736548,2535.573238101084,0
0,398.49811089782037,239.8,2850.0,-8.937171456114985,28.829268663389442,66.1934041008779,19.60872543653661,3072.016840434016,1
0,890.3162440869303,335.5,2900.0,32.79335919999531,20.097428004645447,70.21689946980493,16.30671592280013,2982.09478327015,0
0,1892.421547171201,446.3,2950.0,34.91485756807351,24.218227012375003,72.89340261035925,17.375649123959295,3144.2004264176667,1
0,1447.2364728225455,278.5,3100.0,38.521730956832414,20.47608496931482,78.6528714300809,12.795692779617518,3145.6099350750137,0
0,1761.7139591404384,341.1,3200.0,62.62499601025618,27.269782883959486,63.02621940430846,15.044607531024855,3039.368508864919,0
0,859.6219634119634,428.6,3360.0,1.0440766603962075,20.211249213904754,65.54022970597877,18.15503317170538,3720.173948194113,1
0,277.784659189997,649.0,3450.0,10.333801556460276,30.65829157538505,69.49135039671683,17.655288120791923,3369.052706722328,1
0,1953.7717469679453,643.1,3240.0,-6.131225091426636,21.228885039259787,69.00996012798787,12.321115105323281,3396.377492747544,0
0,230.9113831922652,534.0,3240.0,12.594294287920231,22.079631728035427,69.79370219013029,16.372754107977958,3450.771435685081,1
0,1905.7729755459602,434.0,3240.0,31.602921343611314,29.912688510113995,79.83803161600811,12.706225543747276,3241.21815703949,1
0,863.6193629284604,354.0,3400.0,30.25590015011658,24.418546542040133,68.10386007405432,19.966851433425298,3172.9024964786795,1
0,218.16272903938673,314.0,3650.0,56.01880645681894,18.335943241201022,72.54745451006661,19.17837270826636,3501.4831695727025,0
0,1440.4830171041149,254.1,3625.0,27.254928546157142,24.92420751683704,75.59767582144741,12.168645283428296,3772.2873336278226,0
0,1964.9725472564376,570.0,3760.0,15.014046386730252,19.18360669532172,65.80446375459013,18.869196631221048,3880.4298078488296,1
0,1938.1263011076664,429.5,3750.0,-12.293735730608397,31.79482606162235,77.96738467868848,19.35543680446726,4042.649257522261,1
0,489.6866201643532,365.7,3730.0,36.65800912059407,26.233561986378433,73.67778299345703,14.828385780507642,3984.9740474371356,0
0,526.2460509190789,343.3,3720.0,11.08759023570774,21.5914566465537,71.16952907578445,17.756013240382128,3507.296867233792,1
0,1217.9700463153881,375.1,3700.0,37.22604429335913,25.892047513666647,80.24460066845785,15.536829969662232,4020.488407489869,1
0,1347.148687570984,213.9,3400.0,4.380709147079337,19.076139447344566,66.08738147962956,17.241859876610754,3190.660033175454,1
0,1530.952244598558,403.2,3450.0,45.017693779592165,29.19847825976344,82.07939926535808,14.722539234385533,3573.122504261358,1
0,525.8906488498656,363.9,3410.0,24.657924198962164,30.954592754098293,74.02621838416759,14.580473893066147,3905.431766203986,0
0,1926.2127561759821,11.8,2000.0,39.80630314388256,30.242221434886233,75.22937198449145,15.395471110860633,2037.4981997836765,1
0,1349.730661320628,962.9,2100.0,24.645317580216005,22.784606432179878,81.87647410422358,13.164542069220008,1875.873502030687,0
0,1724.6844539669987,1126.4,2200.0,-8.133409285963179,22.56075367500716,80.4395671962334,18.64911171548306,2156.9815144390645,1
0,1172.1182875115092,909.3,2200.0,5.86556410358358,18.4912265570282,75.0390517205475,14.789583162893093,2487.07857733234,0
0,945.6983256617887,397.7,2200.0,-17.01039508541477,27.119605021812834,78.82969259620435,15.20119643124676,2172.663220877164,1
0,1958.9292318709927,956.4,2200.0,19.61614642483139,25.48866697865713,70.83298725582242,19.152436901617158,2375.163212420404,1
0,1247.818467475705,1037.9,2300.0,-21.565848822475616,24.430849198582777,73.68444383749366,15.97299051250537,2167.9859387691376,0
0,1760.372449038522,1146.3,2400.0,22.346905296253663,30.706833346685897,61.55175341771278,16.354031274806903,2348.782461996281,0
0,1915.9263134593218,1271.8,2650.0,-75.4884292492103,20.35030461515985,62.24644795000117,19.65198499821679,2615.703067541151,1
0,1415.6383286155867,1384.9,2650.0,35.24832537791927,18.135327733662553,80.7356351046583,19.093811065159912,2960.1953532325388,0
0,1188.089621333615,1278.3,2650.0,-12.591731774179756,19.026430329690715,61.49179139206242,13.355733671107515,2601.355563247573,1
0,206.31953163917112,1291.7,2800.0,-8.847903549898021,21.127200129583166,64.23497814081519,15.78572023934484,2483.2457149655593,0
0,272.0353533302108,1193.5,2750.0,49.29681466239257,18.465997689688397,79.89581647376104,19.770369819428364,3143.027090952416,1
0,561.5321888920093,555.3,2750.0,22.994588513991797,25.039811949003898,60.02864876570641,14.978930385828821,2787.5320992003153,0
0,534.8151773407915,688.5,2900.0,36.1583804498971,22.397266373270092,67.0601082211466,14.972584868129601,3013.9115295152833,0
0,658.5658313597216,1031.3,3500.0,-10.13337264649379,20.526762112953858,74.60096644566555,13.560241854313235,3162.559831263803,0
0,748.8823478557895,1693.4,3500.0,39.047397467255976,28.50117704928127,74.88624828673241,12.914584912953002,3554.1305562157963,0
0,848.1178883913109,1589.6,3200.0,11.563405756524682,20.86231856725542,79.42882270573683,17.922438326047853,3203.6665687639215,0
0,956.9678421239778,781.9,3250.0,17.940599601871067,27.626471413913105,72.64815636230426,18.160243749612132,3061.5796144062947,1
0,377.9594092208264,999.9,3300.0,52.25742229173245,22.889708681866946,72.73504673827426,19.752103708024,3432.255296894378,1
0,276.25147751500765,790.7,3200.0,-14.072382906195028,25.16558864927576,78.13276438851751,18.187345687242903,2872.3759680893086,1
0,1413.1000083314423,981.1,3300.0,37.82589961615655,31.074138557918477,72.46561158165709,13.94681995226879,3107.28582944483,1
0,1167.2026847175398,1139.2,3300.0,24.6352544233012,18.52292288742138,75.21227716409042,12.320932626308124,3539.9669024276336,0
0,999.4595639962154,0.5,2300.0,9.672739951658471,25.003703104684465,82.44435170637627,19.88349907495728,2199.8348660290308,1
0,1341.9918941030342,0.2,2150.0,-12.353384980092642,29.961921444586658,70.0362751903093,14.723605564348846,2086.356821991452,0
0,1689.822932966373,1.4,2000.0,9.392038377736437,26.231639477184878,69.62812677298055,14.495772339459366,2010.8000339572789,0
0,969.8472364091683,1.3,2100.0,-5.458811552126743,21.87618723751219,60.08872479661928,19.24764167799506,2053.134644648484,1
0,1354.0150370935628,1.3,2200.0,44.67134476262187,23.56753589203048,75.3356565380308,16.680799188359888,2291.197100996635,0
0,1916.4300029032856,0.4,2250.0,17.293958168887997,27.523718802200044,60.7442976851783,13.718969390793077,2273.757042015758,1
0,1711.3240925508094,2.0,2350.0,-1.9242572765324297,30.471366520393243,72.60371224320791,19.112769941729916,2137.563178762221,1
0,966.801458904337,0.8,2200.0,-20.940063402788887,18.57492923245256,80.10584472580567,19.946886840437948,2102.9966232034735,1
0,1360.4903080665374,1.7,2250.0,3.423843499373705,19.00154350646527,73.74802676299157,12.693428489206646,2136.18979893086,1
0,518.7276594486916,2.3,2300.0,45.905878098163484,22.550721330534227,66.7409041304169,18.898013026419896,2236.0496498392063,1
0,1208.9399328111617,0.3,2150.0,17.785808318107797,21.258915582124708,79.65421053623427,15.124125581475152,2164.445002824417,0
0,1966.390924049197,1.8,2250.0,10.495220258402476,21.709032407113686,66.74292510206347,16.192579572053635,2291.3488328372637,0
0,1132.9672073645402,2.9,2000.0,57.46720384458978,21.097779980762333,78.32579452364746,19.318527806119846,1715.847288147965,1
0,1869.748938542265,0.8,2400.0,4.636347142805327,20.741550683972207,75.25646137975578,19.78703356620094,2547.608552538033,1
0,933.2028569058692,0.5,2250.0,-5.207988464938094,19.828735536170086,64.24990741870003,14.097311283270395,2237.7328630842508,0
0,1997.9206889323361,1.5,2450.0,25.10224035542285,31.075357845133333,82.62834687110464,13.70280616767931,2285.3014775505812,1
0,1242.596063409604,0.9,2500.0,25.489132899707577,20.018652494686144,65.0160920739299,12.644132468732096,2642.8480603496228,0
0,276.0841896246822,2.9,2450.0,0.33027981322304534,20.861652846717504,84.73967685351674,16.494382821297105,2140.479617812876,1
0,1256.1586340444985,0.4,2800.0,-4.941634226186082,21.447720135731,60.18276221637352,12.108835163605345,2535.2783238163,0
0,694.2308522232739,1.7,2250.0,51.17675754336784,31.062208223825888,66.58708442857258,15.295186380879493,2537.4360414253406,0
0,258.4663796646105,0.4,2750.0,4.175352279670108,28.579997870415184,64.99650743185497,12.587072133216068,2774.140485799135,1
0,1677.535948450394,2.1,2600.0,-21.296840421829238,29.055792024417208,60.34983525426156,15.241806263434672,2484.9895194213404,1
0,696.3133465653607,6.0,2000.0,19.821741912453295,19.46661563353897,78.3091975036829,12.319457514124874,2013.0198007115716,1
0,1633.7873972836974,4.1,2000.0,37.364787064230754,29.708338250219406,77.33564505248991,18.68173808487015,1978.2116654968265,1
0,718.7916493205605,6.6,2600.0,10.234786606019487,23.714703145443853,79.80877410887327,13.677911951508527,2605.5809757061425,0
0,549.7874369727938,6.3,2600.0,28.428180218432587,21.679522366973444,66.41746366161414,14.626469682863295,2676.304979983628,0
0,1953.0840333879694,6.9,2200.0,-11.183397358414467,26.060501169284347,71.10837917707426,18.960383972851133,2173.8607133374517,1
0,850.9615899590352,6.9,2600.0,30.706486697185262,29.510560681434274,76.47783804053869,17.97012849065764,2655.3317938221394,1
0,1282.4771805976889,7.9,2200.0,-8.88038676240686,28.90113011504873,70.99421259720359,13.752306893136467,2179.140768628611,0
0,1297.9666870660487,6.1,2400.0,22.62932957822362,30.45996475613585,77.4331442579479,12.575195349259968,2281.7951134929895,0
0,1208.8522679123032,5.5,2600.0,34.191737219109186,30.993850604216213,75.84933521101105,17.725390214842715,2427.453321337973,1
0,1846.4523383381863,7.5,2600.0,17.467599210383444,21.333708999988495,62.866195075554415,15.125620405504876,2805.7758858534507,1
0,1413.9939284603633,7.0,2600.0,-15.886195803071324,23.934010518369803,79.5260780269242,18.12863999294577,2700.995574149564,1
0,926.7194073888743,9.1,2600.0,-14.80195661439543,18.20479954887098,78.01690897731295,15.562358179001684,2761.7817172032505,0
0,1752.2846921436933,7.1,2600.0,54.82802641275082,30.31050322971084,76.39585969043513,14.76801930377821,2600.5875589472876,1
0,525.9132184087359,9.2,3300.0,-4.203534837329713,20.164010120646747,63.877340156775055,15.609643265699173,3344.6828512607112,0
0,1179.6261636987515,7.5,3500.0,34.12809934859265,30.06064737279772,66.69991121988409,17.988471885365414,3462.543476585169,1
0,1910.9906694987615,10.6,2200.0,17.959397133309672,22.61142250781235,69.82942578969,19.217762292322995,2352.7887765187297,1
0,1325.715733784743,11.9,2800.0,-10.10102152550568,23.153870259735935,66.99824054141109,12.398137572708604,2742.0658663572904,0
0,1670.5432108547773,7.5,2800.0,1.681061513469512,18.54785156277403,65.69525726690328,16.192892329815642,2634.682721901925,0
0,1376.4093059813472,7.7,2800.0,57.49582534409463,22.576303056714472,80.1339417540444,12.262683432671022,2887.5745985323233,0
0,1710.8675543682027,7.9,2700.0,102.24119023524676,30.4370915592177,75.95580615900506,15.74727636019487,2675.353986339441,1
0,1900.0781837214386,12.2,3200.0,7.067191677850066,18.357663615702457,74.13680328875625,19.082262632775205,3247.9844468526735,1
0,691.2591095589262,9.3,2500.0,5.34054398907006,23.688584622654155,65.64881777133135,14.892722131362477,2606.6688640162965,0
0,505.38994626209393,7.8,3500.0,-25.957397855059817,18.439594817378374,82.95191405671603,19.459603368645148,3378.383951151535,1
0,1071.183350598572,6.9,3500.0,-26.24788480069384,23.19292795152691,64.77957597743291,17.044867773204874,3454.0263225834774,1
0,1463.3523682835885,6.5,2500.0,-6.43129751127351,20.416968970924078,79.87377332061692,19.47324275034405,2453.4383442610037,1
0,608.944255727989,12.0,4500.0,3.8749129365566315,21.531057505757207,84.16681666763233,18.05733300330016,4847.433570662312,1
0,207.38261077430073,7.8,3500.0,14.363954613027946,30.286377224259866,78.1773182306059,12.827481333190098,3503.0070966374183,1
0,817.2832085060696,7.5,4500.0,32.253344418060976,24.104689088706472,84.82146937961573,13.849210940501417,4542.221841838006,0
0,1943.9468038420193,6.2,4500.0,20.521905652163156,21.83317187962677,76.27627792444866,15.15336363666805,4187.761126119517,0
0,1450.941429090524,116.2,2200.0,32.667711755057724,26.25073729130767,65.43650859009738,13.360855056096607,2296.4648859214085,0
0,922.3857990942031,38.9,2250.0,-0.3487214850060454,19.989497437656155,65.09548734291278,15.959292838213283,2307.794498115971,0
0,546.6369752243127,47.1,2150.0,13.230189370381995,21.63148250389198,68.11410710638691,15.770945245611925,2042.2542508988686,0
0,840.9614127585446,39.2,2250.0,5.897502246007411,25.64747154644044,60.17825050552515,19.65007358421905,2509.6041164018466,1
0,505.7109799422463,17.4,2500.0,-16.668017553289364,21.325322585872964,77.04246175207086,15.469823063167823,2550.579163376284,0
0,391.3504783633125,30.5,2150.0,-34.35029887614955,27.507788323612225,66.71669461569569,18.28501443430398,2069.554259611872,1
0,1832.136270630597,60.2,2150.0,-1.7285687666833311,24.880878231633314,80.37958080731882,19.53528435881184,2149.6320570831635,1
0,1995.7706090758525,48.0,2250.0,-47.02436418254004,28.807846983565675,68.97931626398251,19.015910647791884,2200.242657243604,1
0,495.40599127242257,29.2,2500.0,-13.321921696185274,31.27542350011456,71.99891233658282,13.669340996092735,2731.5815741584006,0
0,298.1406059809035,35.9,2500.0,28.629236530556092,19.62126845086371,84.14222291400924,15.968239154028353,2639.9771158543317,0
0,793.5159928631822,48.5,2750.0,19.504053664162083,22.685310139783628,66.05430307618192,14.781918258367405,2824.915790819479,0
0,1030.9865253705475,48.5,2750.0,15.535101135020206,22.47368688029769,78.03135243574349,15.198869561097723,3033.2795785411126,1
0,568.6782447365381,69.4,3250.0,44.51315728079304,20.11656087072156,78.87794473263543,14.886454609966009,3047.5450075540753,0
0,742.5648412374052,61.2,2750.0,-3.2118503971187913,29.34424392266859,65.52495393809087,18.610873681400033,2878.023095583592,1
0,561.5673242449839,54.0,2750.0,32.04884703274554,28.63830185654306,72.52492091530489,15.617112440979579,2840.2963231061185,1
0,1593.6690231784123,41.8,2900.0,-5.177833539051875,24.781956591681585,68.75504813282421,16.189554657957505,2859.9011951004045,0
0,1482.6402978450694,30.9,3000.0,21.93633144139801,25.528790889124533,79.29765608500223,19.859578856376597,2959.322277087968,1
0,1342.9127283697671,56.5,2750.0,18.83871385650428,18.833617932034947,75.56208297572593,12.479834177532132,2902.3244204277817,0
0,896.9921427425686,45.6,2750.0,20.18799094290304,25.77710293257864,71.89957637151367,15.90366111832599,2890.231626626447,0
0,1836.2736943656248,55.6,2750.0,5.332386468113906,29.078781336274908,79.48408162619296,18.192493655568928,2515.327069935322,1
0,1945.158574763036,28.7,2750.0,22.983047151823428,26.033586030174,65.87888925021042,13.209295665505813,3049.7093942746383,0
0,512.5507627257416,39.4,2900.0,24.937648627274434,21.714289181685864,78.84054701460897,16.89225275691819,3098.8400135244096,0
0,601.4227545413805,43.3,2800.0,-20.766312843030967,27.34567581268072,81.63435780232061,13.915718236275733,2752.70151349356,0
0,1146.1358504006653,69.7,3000.0,36.212401722501525,23.06083801951347,81.96553992018931,18.93923290579654,2857.5750846418377,1
0,364.25102470804154,54.0,2500.0,-15.897909380915085,25.628225980000295,79.5918398254901,14.616797323200634,2666.566891628395,0
0,985.607117881603,38.3,2500.0,-6.933775095231791,24.825915085904946,70.20035417495671,14.632502535207276,2574.4601495468046,0
0,1247.2242765998783,1.7,2700.0,21.04922920138511,23.336450013512522,84.54520056794567,16.785551028143146,2816.0579973904446,0
0,1139.7324280471996,0.6,2900.0,29.947837684973457,28.06429172551789,69.48984109556099,13.46850326495927,2999.3286941560277,0
0,795.6354495404469,0.6,2500.0,20.500775101734828,30.374265567802347,75.96563497756064,14.27910911122449,2682.1821163007444,1
0,1176.4024509389724,1.1,2400.0,23.139010177733088,18.072975258676948,64.02685445173671,15.333054800955292,2523.254850052811,1
0,1925.8417176659261,0.6,2800.0,-13.417190411153857,31.070631269225142,84.51122246590981,14.829102905120884,2710.3086277668476,1
0,570.8313277244769,0.9,2400.0,1.908132798612117,25.16121190516515,77.59964804661658,16.19901774404466,2314.6859218871873,0
0,1378.6964451092065,0.4,2100.0,-36.259302909017755,27.810246325085714,78.8344386311592,16.797121152551732,2144.849853070385,1
0,278.1140494808933,0.6,2600.0,-7.969632721944201,29.97874392646228,61.64441758527862,16.533339630001315,2957.2004359778402,0
0,319.54952806658287,0.6,2650.0,-18.54047439363493,24.53945169239978,79.0854453555168,17.233346495935457,2626.183991477904,1
0,1193.290803602453,0.1,2000.0,15.33302548808162,29.689637027108464,79.36808573051503,14.461996132862563,2043.5746419422535,1
0,388.89052459030904,1.3,2500.0,73.90322406693505,20.486677472372833,76.79431815905575,13.011409817240224,2634.189230044226,0
0,240.2242191683432,1.2,3000.0,34.003020226386035,20.2283454827174,67.2977403447586,18.086460331448617,2924.5421388565765,1
0,508.7233957664399,0.7,3100.0,-41.12150666473135,27.20459916398615,72.24225105402203,18.806243061045457,3248.3320454145833,1
0,1216.728507799234,1.4,3300.0,-22.940935119660253,30.18200207772432,62.76085928271791,14.056049857779458,3302.767767476698,0
0,1466.0137181340783,1.2,3600.0,-17.470720452470367,30.49396648550455,71.78967666147881,15.256735649264158,3869.977644549933,1
0,564.461415454484,1.1,3150.0,-28.87914699974951,27.012366417281452,66.09559631501013,15.988553735708443,2971.4729264447874,0
0,1402.866986974714,1.3,3750.0,7.938057230419364,25.356849222930443,68.72742466235205,16.266614742023492,4270.624636520856,0
0,528.4573959786128,2.0,3200.0,20.718889505429534,22.639503227751227,64.06501021009247,17.275921368701216,3140.00166121479,1
0,1304.2233679362628,0.3,2750.0,-17.32453380587969,31.72000581839064,65.75135919367243,12.33282586684257,2836.0417850108074,0
0,941.527423812438,0.7,3600.0,9.423897167538303,22.475739613327505,61.914216045502904,17.771816661872137,3601.054347973616,1
0,1376.83911680051,0.5,2750.0,20.50532962862006,28.418605501242304,82.99753416092304,12.495768055835281,2572.0224212455714,1
0,1991.094954462645,2.1,3150.0,32.47439545861918,25.44774519867001,73.26026719938508,15.746308541382943,3307.4853145611646,1
0,1888.0705374186116,1.6,3450.0,18.902633812055136,26.519172795354855,69.91854928156849,18.621369084553553,3395.2873556230165,1
0,207.70716410498653,1.5,3500.0,23.26002777514463,23.508727708240766,73.3757303192196,15.60972250622717,3610.4011592362817,0
0,1793.7897758521503,1.2,3750.0,14.064733795653435,31.50752375661147,75.70733071203881,13.192717990145983,3568.845302613168,1
0,319.68343131457976,0.7,4000.0,-10.354951754501187,26.003552565389796,83.04696983423372,19.88027076004768,3937.6440318657033,1
0,1915.483855087721,0.4,3000.0,-4.8878173423716476,31.129026826423058,64.46732380715784,19.114283696594107,2946.9990995355174,1
0,707.2862223794325,1.0,4000.0,-18.069918805979796,18.106279826434797,67.38881246588043,18.17050906580011,4132.147591306184,1
0,887.6626947402877,2.3,3800.0,52.467307933206705,26.017388164675694,84.39473340860286,15.292092823193684,3870.1883939051195,1
0,364.9487693163101,0.9,3800.0,-21.731014518509298,28.0406164561538,69.2798246662131,13.470765815114383,3759.7366378141987,0
0,402.09096499203724,1.4,3750.0,38.802194270456866,28.43112239627105,60.56404126893319,19.53128945134801,3666.7625598231625,1
0,1508.1330174127754,491.7,2450.0,-21.48737240065867,30.66967634494354,63.69108731592897,16.258809012137114,2496.291789379289,0
0,1899.7980243469249,441.1,2400.0,34.185978175029724,18.061622526053007,60.6584675437138,18.81884368309988,2428.47101395074,1
0,1299.3472909177572,409.7,2600.0,39.303203297502336,18.00462222963267,84.74807856051821,14.736760046075407,2620.1120367577964,0
0,1488.5300279482599,403.7,2900.0,43.7996391461864,24.611688451133013,66.97177122478058,14.682306536635764,3242.665218606609,0
0,1571.5455402748762,369.2,2700.0,-11.036661123540782,18.410111870075188,83.08856892340565,19.884323845392313,2789.4136870610573,1
0,673.065694195295,370.8,3050.0,19.10696910835712,31.643455751273244,84.8971568939929,16.1746643879588,3402.09813046349,1
0,281.41333565638683,328.5,3000.0,-0.016083426066620277,21.108912443579488,74.99603052857786,13.12556339088597,2987.4889290037763,0
0,203.37093905450345,238.0,3200.0,-7.165304688136228,24.617306211107824,60.82990787663904,13.75739742395766,3190.7046542312833,0
0,831.1687093172336,163.8,3000.0,16.096377442493548,18.85592682017113,62.039790759673174,15.855554235141767,2909.02439369011,0
0,634.6356107585889,321.9,4000.0,35.347320338474916,25.30867782639762,72.03972637769695,12.33976728390729,4072.4577691680493,0
0,312.1719050885342,382.7,3400.0,0.12125554333878696,23.31938575206372,70.15430032278715,15.700271883026403,3333.564702851536,1
0,523.1509264886001,305.6,3500.0,23.22927555662502,18.625240404281133,75.15443264454419,15.35152673664102,3401.6868882820086,0
0,424.09801688230607,378.8,3250.0,-7.693748763902672,22.69173973374715,70.97119524278409,18.234690122555897,2879.4413372886133,1
0,1846.7810851112667,2795.3,1600.0,-11.081085229359601,23.480104283119978,83.35192123178712,14.839535715913934,1740.721135262424,0
0,452.48098422650406,2528.8,1650.0,6.889927001297126,31.85890087784916,73.36849288533777,19.860390092316795,1612.0567958547567,0
0,1167.7672351778224,2499.9,1950.0,8.388155397577238,20.910402206871257,77.34315153656105,13.446159354407225,2122.5716574949947,0
0,1267.5907192018963,2720.3,2150.0,31.69453901490467,25.626914615181395,82.41213181606241,16.727893479745077,2137.5840665730907,0
0,1178.2810238755408,1251.5,2200.0,-16.28811885538361,31.822417688780803,63.671796895830184,12.717594376066037,2285.085205885414,0
0,378.3015815887784,2174.2,2350.0,68.9658728958768,29.08826891116189,65.74336635296322,17.870911871951854,2360.4761537512345,1
0,773.8370511509921,2209.0,2150.0,-29.80665514459649,31.907145012349247,62.682966511850374,19.958029504495773,2203.496366303929,1
0,292.28659843367586,580.9,2300.0,20.70167169132977,31.55617640524237,63.49095998074781,18.553109102013057,2160.7530094137473,1
0,912.2058453733688,417.1,2300.0,7.8731064273562765,24.85355358931816,72.81459917335583,16.44562832576241,2463.1643182144735,0
0,539.4780762888656,448.6,2400.0,-1.208529603599871,27.74926189818792,68.0294814741866,15.877930859197537,2347.174994245372,0
0,1210.9385599118837,456.2,2700.0,10.621706109016408,19.546203777176114,70.57932098816887,18.680239690134776,2849.9596149689432,1
0,1447.055108928381,433.0,3000.0,31.804189556308717,24.17608355065523,84.56224579485155,19.487792677685796,2737.079331146762,1
0,1157.8157483684718,681.2,3100.0,35.687855368280246,29.326259591733766,63.9176086948987,19.913652206384743,2959.6612986926234,1
0,981.6260539005124,537.6,3000.0,9.560907843603228,25.074694493680006,73.52030176995189,15.172313820515873,3066.920778014089,0
0,897.2001575420463,356.8,3000.0,23.294700792740247,27.837786459441247,62.471778876341276,19.927339798356098,2970.546060783012,1
0,1715.0451825746068,294.8,3200.0,-18.257308907868413,28.44051861977988,67.96240783159696,13.247410017390653,3287.717745222745,1
0,594.862517117486,440.4,3700.0,10.393263173847323,21.548567977400516,73.18814809186496,14.028398207455274,3746.083561885174,0
0,1521.593011151964,555.9,3700.0,24.859346134811176,30.25979122119592,83.66579364913345,12.712128997871169,4105.803450665198,1
0,1563.4681845322143,526.9,3200.0,-42.07525931062174,24.437514032728505,69.78070553208707,14.173908131875853,3303.746223590992,0
0,954.5600130873221,295.8,3200.0,17.022880638178016,20.942591450701613,61.62266740536675,18.14350041294409,3116.925344287496,1
0,735.1410786061508,1.8,4100.0,10.794867734197133,30.11582234503821,69.70403619900793,18.8233948654276,4003.263855521877,1
0,1046.9746748827554,1.4,4100.0,46.74534834524367,23.849463285487552,63.643529396849445,18.231141160820574,4396.215424154009,1
0,367.7850666068573,1.0,4500.0,19.177914980624397,28.504374137316077,65.74974033228614,17.04852622534157,4087.3477728160224,1
0,282.67405801236197,1.4,4100.0,26.995709287987232,25.672463011102302,75.45226557912476,16.111732100181165,4237.561967714332,0
0,400.8857590134052,2.0,1900.0,8.212220422402874,23.346204531283007,61.68559665509204,17.66963431370917,1772.801039321839,1
0,536.8610566320071,0.8,3900.0,30.801211928026397,29.33826981053997,71.61809390625093,15.126668394137774,4159.559243408605,1
0,1107.5182766084774,1.8,3900.0,29.05722294751027,26.18257904302458,75.23653965026911,18.730466811997616,3798.857512554224,1
0,1728.44594509002,1.0,3300.0,-17.665200666328367,23.467869433978443,70.54645980918743,17.417520751814283,3404.194728366696,1
0,624.1561975994366,0.9,3000.0,22.77440862535557,19.534370184691777,60.47815876559326,17.58243758795527,3006.6947901517206,1
0,1883.2916193442006,2.0,3000.0,44.556009746461214,30.53623439273391,84.63798392257164,16.28748794503257,2750.394760631839,1
0,1918.834236083006,1.4,3500.0,39.59479379883016,18.49657419478333,69.17789418351339,19.08183187368938,3634.4671906538447,1
0,1926.0282887213693,300.0,2455.0,15.684311967330219,30.08462287715279,79.46442967333167,14.01611786943242,2348.8164013995806,1
0,1707.6129224173828,411.0,2600.0,23.042234252007475,23.039461348364178,68.14116230468633,15.049181226888406,2725.088675231112,1
0,854.8850734358971,388.0,2650.0,37.87270508891922,26.950742689019684,71.87541892483547,18.221140557421514,2490.6820289100265,1
0,330.8310398047215,405.0,2750.0,-13.471374182675003,30.91079613369959,69.71159106527492,15.9419911690347,2789.9408275234614,0
0,1223.8737171796909,200.0,2900.0,26.859575974542317,20.12389261705458,68.56348073774019,19.113712107393525,2906.79722486772,1
0,1205.6265990870206,300.0,3425.0,-34.272777216492145,25.937306658943342,60.54628443019447,14.771194558102819,3301.1690263913647,0
0,1729.956380797272,450.0,3350.0,36.558904111750394,28.702060073182686,69.00052344636259,14.954641350557157,3627.3297628394143,0
0,1992.7838917029894,500.0,3250.0,5.381099919732213,28.6061736580668,82.23724975998826,19.109886315093004,3256.5407082958363,1
0,1114.6831518082656,510.0,2800.0,12.8385644856749,25.358846804393057,77.25983346484209,15.714962561456328,2729.161999111483,0
0,821.3672558716116,425.0,3200.0,1.1157935794280043,26.746352438690415,63.635571477385994,16.128996673619895,3257.3610136782518,0
0,534.6230808012806,500.0,3700.0,13.973803707453177,28.605377917859823,74.77887511556848,14.662109722685436,3376.83865669624,0
0,208.63968467126733,451.0,3650.0,21.384584134633304,29.774386928603764,82.30577149872178,14.213359537432655,4186.922010022338,0
0,1116.4046464799826,484.0,3775.0,33.85784921966394,28.66538335626209,77.50085102412139,17.247589686707137,3529.0899167027605,0
0,1199.9336000646722,495.0,3700.0,47.48751917516468,22.956069204537396,63.71710980891742,12.958725292329632,3822.4976284302215,1
0,1684.8892636713153,407.0,3700.0,16.213713617025896,31.954169614808265,81.69581241836242,19.034181129463274,3713.5680411988715,1
0,1108.238542207041,450.0,3300.0,-26.539755958541903,24.08303771207026,67.53860033222163,18.233625094120864,3533.724814735091,1
0,1849.6430275989017,400.0,2000.0,47.64115920290482,18.34250583862507,71.35190360780854,13.525986109646421,2021.350521209499,0
0,1330.5502578285839,385.0,3250.0,-21.799481925735726,23.07663732219647,73.15356899222866,17.552159566596522,3125.5328796032936,1
0,1712.6052287979496,525.0,3400.0,4.443581956964955,19.788961364033806,81.26266510945489,16.821063370285078,3020.972890921882,0
0,466.9431226539448,273.9,1750.0,2.7410850868829204,19.70019662019725,83.29018737869153,13.476280405893153,1563.0891601020937,0
0,1739.6050345441665,345.9,1750.0,15.28894806928548,21.941490561496522,83.2413219447639,14.18562804840186,1725.0079398877197,0
0,1415.2589379989272,281.9,1775.0,-16.58711512652767,18.747256918481654,60.19885453196352,15.271892029870674,1920.941509212896,0
0,506.419458388995,266.6,1815.0,-17.801221926842885,27.639170637733883,83.04721213963643,17.59394188196379,1632.902970031453,1
0,541.5744046628196,258.2,1866.0,14.461975135433576,19.03584437882667,61.35967415003931,17.109787270536046,2073.055329903804,1
0,1867.7011142795984,286.4,2155.0,-4.944763858022235,20.846053776103386,66.64434142043588,16.257878781413584,2295.541070474228,0
0,257.9876488106712,326.1,2300.0,48.65233881108184,19.300596002917672,72.87469636819583,18.147284344912272,2113.8769543950716,1
0,1032.562897932271,7.8,2000.0,1.2279989198751018,18.884348232642434,71.99814222510985,18.063501916849326,1869.7785137441463,1
0,764.2555218813828,372.3,2750.0,-10.70804455100421,21.748523317553584,75.1177448471848,16.942873232498048,2587.569393112953,1
0,1397.1393919971706,328.0,2750.0,56.795896468609726,26.00658554724518,71.98615571842515,18.2959206670786,2799.382379410354,1
0,1711.3328976241855,448.4,2900.0,26.74840582698488,31.505597790255784,83.35939199101051,14.674106998233674,2890.218274689646,1
0,848.6806188018252,195.1,2650.0,82.92382585847105,30.257793160894487,66.01372120536467,19.049996226580845,2635.113182030991,1
0,968.4237571811069,180.3,3155.0,-33.057854686820825,30.263074956234547,66.85061735096215,16.919280686415526,3059.4731644475464,0
0,1967.4520121025455,307.7,3250.0,20.194146974797587,20.464938504527208,83.0184483923264,18.578908110499444,3284.746908044254,1
0,1611.049717422565,531.1,3005.0,27.140314503737994,21.70870070896948,61.918487843631404,16.370232838322273,3155.9350943093186,0
0,1814.9674356772246,392.8,2500.0,15.695572140694102,19.06950643513428,75.23902054762024,13.747505959909443,2480.770263872177,0
0,989.7719971729335,316.2,2800.0,5.949986525237403,28.89855675881259,77.04339880164027,16.33928102942647,2688.670759275002,1
0,621.3371671714074,262.5,2850.0,46.140457805455355,18.97742822079787,72.63854308574349,14.968893310212705,3019.6503690169084,0
0,941.354237695613,261.6,2850.0,26.65994373119031,25.793739391491947,77.35579697057844,17.579992288296758,2812.149463205536,1
0,1488.9654520967242,229.9,1900.0,-27.23102307456751,21.47025801253531,64.31886615029917,15.806350333877887,1962.9245074258786,0
0,396.9747287047628,267.4,2000.0,-6.734206255781547,21.408238876402425,81.3158058192885,18.6889024394215,1988.012290488022,1
0,686.844390109716,451.7,1900.0,-14.100122750083834,31.87015077346647,63.50064223674714,17.424580098575333,2023.6947672489289,0
0,283.9446208308627,265.0,2125.0,11.97104877023224,28.594917297699524,70.02031110789375,17.47635546425059,2282.2384802669335,1
0,978.2259290086369,200.6,2075.0,38.72163113617103,29.717151016074702,61.88144003270514,13.73724266792852,2224.1884046888586,0
0,1689.4023247633038,429.8,2100.0,5.518852305718516,26.007757594816177,73.630276970435,19.87399813193032,2030.4636175505896,1
0,244.39463893641943,283.3,2100.0,8.671960592854685,30.194200023512487,76.74364518564099,18.73340167417191,2029.1731833984318,1
0,1415.5823482528988,268.8,2100.0,-9.475553239394927,27.036867548328942,83.53054087738226,18.312039076485558,2210.091091079508,1
0,1878.4925741247314,328.6,2300.0,34.03355891983781,31.246431867148836,78.48340489740002,14.64172180128022,2291.08825274592,1
0,626.4701507201281,254.1,2650.0,45.8161876095461,21.938740204638915,73.52757291135377,16.285053222777854,2644.561787962434,0
0,1448.5427133097667,485.5,2600.0,14.188933452660326,26.334473640960532,83.31542542925834,13.09682550459463,2491.5936067012462,0
0,1955.1834219803607,303.2,2350.0,54.50046905809666,27.66183887111649,71.96092095102192,16.307807813301647,2548.7291547684545,1
0,1932.1005082744337,335.1,2400.0,1.3979672245604764,23.501122270389295,74.03014132747174,13.167113971866298,2549.8309398330944,0
0,622.8725474524579,92.0,2750.0,-19.92456485860977,30.315911753656746,74.90246319175239,16.42430275191681,2730.368103410758,1
0,380.5958957817237,243.9,2975.0,35.10921324844841,31.71724428345816,70.24949314716417,17.189775041239244,2859.7973326160227,1
0,466.9085682126487,293.0,2850.0,12.603217343436743,24.91277287921726,80.9620672641456,15.121567737999218,2732.067846312884,0
0,1463.6642032678558,266.5,2850.0,0.46902007434639437,23.468969167260745,64.62939847112648,15.988359026650347,2872.7837470062823,0
0,1506.365975815896,377.5,2900.0,16.916780140367955,24.60713099979042,73.8710547592902,19.005227101396688,2967.297963127358,1
0,1413.6258109307582,205.5,3100.0,-24.609585666666895,29.93831444024704,78.05583140467985,12.868505157622476,2939.589560129207,1
0,804.9410979360285,105.4,2900.0,-28.701686797844644,27.036557957254345,82.59940429691443,18.333863143997224,2683.392350048485,1
0,505.59849156461985,320.7,2900.0,17.314088840556963,18.626813215253332,82.09795991085696,13.36603640796957,2913.8598348703003,1
0,1245.3699655140556,118.8,2950.0,25.859062245989158,25.590378746240006,72.71850723575355,12.293663862437027,3103.045309911338,0
0,1070.6248023641597,295.0,2900.0,49.84646182423372,18.24220171837358,76.07903627908354,13.484596821960382,2912.846868884813,0
0,1511.9014648201462,350.3,2700.0,37.16596802784347,28.899495194047674,69.85594340323253,18.120345519763916,2659.6024101876096,1
0,994.4481416341185,852.5,2680.0,30.88411152928513,22.596371829594492,71.704444072005,15.24100858669488,2498.295939524333,0
0,809.5514504356431,771.0,2775.0,46.760833891619335,24.60810474964261,82.65664481432624,18.980164134769456,2669.4410063305054,1
0,728.2614392462259,880.5,3720.0,27.247377660241092,29.18149348270685,83.26759982981184,16.197660329458127,3916.0617770261088,1
0,580.6465760895437,930.0,3675.0,6.39496005837489,18.650283442000664,82.38535145167549,12.178002815410647,3398.6676269061672,0
0,678.3434771359905,13.6,2750.0,37.80966434105688,20.219581498282547,63.459271545340954,17.733708876815413,3042.4993117897207,1
0,370.69478991938246,28.1,2750.0,36.89012327054794,23.571445270231607,81.2521005332659,12.881863269769863,2764.0367379677746,0
0,824.3426196720012,30.1,2500.0,14.804602072735529,21.218952289637848,83.70909327553701,18.315037067695396,2262.049738730216,0
0,265.82566225332477,6.7,2500.0,-14.995154351222254,22.730619960850884,69.03124236434012,13.34482039844144,2575.4856105815834,1
0,535.5449248993882,18.8,2750.0,-29.62673647866164,31.97444633049451,72.96615723554173,14.763571086444108,2824.2865694817533,0
0,1544.1868003149723,25.1,2750.0,36.05994252768629,29.55580212603335,79.4773813953249,18.090171437002883,2677.7930259927207,1
0,785.8441796179208,14.7,2250.0,26.966859189663076,30.37462540944152,74.05195343914122,19.633850859811375,2376.8059567809155,1
0,1402.826630559219,12.8,2100.0,30.477470775297608,31.118764869920852,84.83708804265623,14.971471605173859,2021.8985688269943,1
0,1490.3915160750992,4.4,2600.0,36.99346685549713,22.77310232439874,71.39283412892071,18.635201761591485,2698.589992775135,0
0,1246.1336169178044,23.9,2350.0,-7.475577843119044,22.15907740915062,77.84856778018444,13.52633812380671,2345.096010148479,0
0,1925.6559344577172,17.0,2100.0,-31.917377711523386,21.276874896009048,79.8147785049136,18.45743816161993,2064.268017812358,1
0,238.59175992160385,0.9,2350.0,27.896383200633238,29.621636758313716,72.35251039396098,17.25995247405001,2539.362305961382,1
0,1529.5747710586559,2.7,2100.0,44.943548415679274,27.51372607199259,81.4245951427844,13.541948057698947,2223.9267698433528,0
0,1925.8159590927344,5.3,2100.0,23.796485736164378,21.306407754760283,73.65386478017992,14.420031682811292,1960.4599416759288,0
0,1752.0891128352907,17.7,2850.0,-22.158832547664332,23.27791360894637,70.29126992004079,13.054167108776287,2915.0316082180652,0
0,502.20684524902396,12.6,3100.0,21.017245557346946,25.093964695059178,62.695591846298676,15.063736088514506,3452.1821320453605,0
0,788.2765512531178,25.5,3100.0,-13.118663271609467,25.393960801832552,69.8353394087606,13.62918912898622,3354.6125328676476,0
0,510.4133117776377,20.3,3000.0,-23.560405097216723,30.442188199724008,78.34841136833211,17.151983629043787,2836.31345892548,1
0,1282.3550548664673,4.6,3000.0,14.808304948798298,23.32792586126103,83.03216029200269,19.95604083376447,3287.2763523067074,0
0,1481.938367563086,4.6,3000.0,19.062462756227216,30.71933642700717,66.29198509650776,12.096073304674114,3167.4066955001904,0
0,770.7327848535048,19.5,3000.0,12.534447391646063,24.179145844477056,68.88088793326257,16.32735850629839,2811.256955715315,0
0,1171.1118331717319,18.7,3000.0,25.953414303536437,28.449217447092956,63.849024852610654,16.589332780392077,3037.381460487164,0
0,1443.657026128151,327.399999,1450.0,-4.764980528281736,31.023560479790785,77.26807235572423,19.313670317446494,1491.5566060143087,0
0,958.411669899887,327.399999,2050.0,17.142027791015114,30.70605985548573,84.00471075024814,16.048042678135502,1917.5373952103964,1
0,1737.2279548198267,327.399999,2550.0,2.866217230360725,18.797340142139536,76.02380549620439,16.34961135715934,2658.0324025129976,1
0,1588.7898835180708,192.999999,1250.0,8.707762730773666,20.87986012967198,75.42691325015565,15.77322241062711,1432.2317019352733,0
0,316.3979789310272,192.999999,1950.0,21.71031449632266,24.676675957451852,73.83724826251085,14.151234436491851,2109.7314499185795,0
0,1318.0255383634922,192.999999,2450.0,41.49095551610885,24.041760059343503,62.21139351713841,12.44823306599131,2473.812286517463,0
0,623.5859917275493,225.500001,1250.0,22.307400315349984,26.9724833077209,78.2375956607346,15.269261457678688,1228.8972098354568,1
0,1203.5328764010956,225.500001,1950.0,30.6002283028205,31.225926711555772,75.05123858873377,12.420731769925428,1988.4214593617014,0
0,1922.3991967393392,225.500001,2450.0,15.255636856318647,19.573665957891283,76.53691922140717,16.403939755727343,2306.6429843381543,0
0,1782.3116081940502,181.299999,1200.0,27.19038418194766,24.326021311879366,82.47027732568554,14.458349145938346,1165.616774951878,0
0,928.129525607237,181.299999,2850.0,40.84492978785179,20.69375453041995,79.59901967652544,16.26881921220342,2514.537190605004,0
0,724.7249450198361,181.299999,1950.0,61.97969712682827,30.517506377571266,79.52288130386316,13.074375715161494,2000.8434669888675,1
0,621.9303399348662,211.599999,2450.0,45.26938804836991,31.504122601223138,83.17959422198369,19.461039725914876,2400.3873699066294,0
0,1158.5267655617363,211.599999,1650.0,13.622881134573024,24.7018235464649,84.74837378657499,19.15616994839948,1711.1870948209792,1
0,405.6472158645014,211.599999,2850.0,43.61665393189179,19.45614416819397,74.53206829902649,13.519972073618277,2870.480666843468,0
0,1188.6950146308475,246.500001,3200.0,28.726045283693296,28.994125334117427,62.72204040077914,14.747554266352079,3005.925330461734,1
0,202.40055108342563,246.500001,1950.0,-0.18026107489449572,27.759978906893586,71.47824769438591,16.907942174815837,1973.4572135869653,1
0,782.9293353425207,246.500001,2550.0,29.07027424875219,22.96539157254435,79.6900286615411,12.765489658447251,2440.8390824587423,0
0,595.8817648950462,198.800001,1650.0,-13.217408340171897,30.42370463556549,60.69313311904623,14.836542568929207,1813.8878750094088,0
0,1948.1938219294077,198.800001,3350.0,29.107533778547676,31.6616464569579,61.422185958903725,14.008898294552049,3180.4594152483073,0
0,1509.036175225962,198.800001,2550.0,58.794905426765,25.809953887822736,61.67894455957053,19.324133829733572,2478.078720869383,1
0,829.3760848320279,189.999999,3200.0,35.56538424934121,25.92019075882009,78.27589395820777,18.82008509031364,3005.389270301939,1
0,367.1211557551169,189.999999,2150.0,44.91544340012051,22.16518907159289,72.5291657140793,16.63866193013491,2008.0710550211693,0
0,1130.2410704431231,189.999999,2650.0,5.54515787231772,26.1830845037664,69.22244858801484,16.162770694972593,2654.780011146136,0
0,584.2061863868762,159.999999,3350.0,27.022066348345675,24.15499248734785,62.6404261315434,19.44580635636318,3099.656468771091,1
0,1165.573182617044,159.999999,2450.0,32.45411054377227,22.230674376992727,78.30600625514722,19.459422263830522,2422.37954917657,1
0,1703.6522375220065,159.999999,1750.0,7.370942501425443,18.94059275133462,68.02549526377248,19.754641002813283,1795.152317785768,1
0,1308.4265937824937,219.999999,3900.0,32.09272876006234,21.537910035927748,66.63310175161668,13.0030310728655,3800.8673017505494,0
0,1340.819155181004,219.999999,1850.0,26.36722379884091,20.7699650954873,76.30798003883878,13.284462486105362,1605.4746688392963,0
0,1173.8545203130607,219.999999,2750.0,32.37040357307735,25.588587783755287,73.97527231492104,17.41389358943909,2970.10362972774,1
0,1869.0781387365364,199.100001,3750.0,-10.751897062027197,26.423380304690312,69.06026604533254,16.331475812878757,3809.9812504713946,0
0,1877.4248319570859,199.100001,1850.0,46.902470720445486,26.52000414028423,76.0371867701397,12.147727239145887,1880.9217169346355,0
0,1122.901761932394,199.100001,2950.0,26.266073418099104,23.434534014639507,66.78053800960295,12.495800287916154,2908.924904118154,0
0,750.367076858308,155.39999999999998,3700.0,12.046590251524357,23.897216271596946,79.87075654010818,19.10464305807044,3880.0182517175,1
0,1027.256610582999,155.39999999999998,2650.0,12.649693897476878,29.67933801496896,65.73297375769135,18.95096636431509,2799.1412598695,1
0,535.8042419521082,155.39999999999998,2100.0,14.029342783597606,24.66725938924027,63.97094238455039,14.85816737596836,2230.7843328587505,0
0,1345.4197675725609,195.0,1950.0,-5.723165725484286,31.828826649919712,79.56098523747187,19.128404935444276,1981.4405908576023,1
0,1100.16620440802,195.0,2550.0,44.72900032111892,24.15464122012411,77.69730076744833,16.749400595183214,2339.475796646683,0
0,385.9408600639038,195.0,3650.0,39.077725301086474,27.094133224649745,64.56597439254496,18.447245176151213,3738.7327872668293,1
0,555.7660060153075,120.0,3350.0,40.75821830625386,18.70508198590754,62.90614381724845,15.419448569281714,3403.7540400250336,0
0,1063.3375211591483,120.0,2150.0,52.82979210800525,27.146758941863354,80.9599772121673,12.907186618759269,2079.2242064838756,0
0,1797.660183293945,120.0,1250.0,19.74444034815962,29.919969521810085,79.4149620549172,15.469816501168129,1189.8607929092411,1
0,1219.5032971359753,25.3,2375.0,-26.39336276244886,31.194409739466145,68.1814343424916,15.658398383975182,2452.38296640662,0
0,1426.7630003752474,18.4,2250.0,30.72178136131258,31.962488562956786,76.45493520533417,16.407553550724824,2239.7620427668953,1
0,810.2513895390375,11.6,2600.0,29.790618082116467,21.950501039089264,63.10400466369527,12.844661703235424,2539.1411724502627,0
0,1228.5405074796217,22.7,3225.0,53.84582855739198,26.055180907560036,72.67619147619195,19.931214904396892,3548.6105672152507,1
0,1005.2836807485213,10.6,3300.0,42.05210492882582,24.310051797450065,60.4682573015105,13.95309456645525,3432.9653028233947,0
0,1386.4338427216892,20.5,3325.0,18.34960559858306,25.893444728052394,69.79004702303888,13.588419228296743,3411.689999734935,0
0,291.0360189422187,218.4,3200.0,11.39220168958089,20.204341400657853,61.871070536785126,16.214423350847493,3433.9389980243645,0
0,1087.9403892301266,56.8,3300.0,40.09092195922787,29.98609401634318,71.87867950392206,16.29766543515911,3365.4150059168132,1
0,732.7867252591406,374.6,3800.0,-51.373686015419,30.733965206824227,70.54204117132235,15.518565902665955,3639.4638898750177,1
0,787.1331103002367,967.89,2810.0,21.03499915669773,24.295263283580915,71.1096256659514,18.175137170602035,2744.314389128027,1
0,1929.6513768045106,645.15,2925.0,38.64151657051459,21.926018062030074,61.133282551199855,16.13323520582882,3053.455946211797,0
0,528.8506628804889,762.34,3050.0,11.974819918927917,19.971667987142173,69.0404085320458,16.877563641159874,3164.345500795653,1
0,760.2414546414744,958.28,3100.0,5.446053448691934,27.572707546889262,78.91209622749791,17.789971083262284,3183.014298254625,1
0,1117.8066363155692,812.86,3300.0,22.37108907881694,22.371245754690293,69.2228593338405,12.200200812510932,3074.735003617961,0
0,1753.4485066693226,1962.02,3450.0,48.73616706345043,30.73353997878744,77.87929881523951,16.565153460360357,3618.364682108496,1
0,950.0061497714668,835.85,3275.0,26.276090843647275,27.39417464782818,69.23696809084333,19.073555769826953,3262.224783824112,0
0,1538.957505598708,1088.74,3700.0,-1.9255821270181563,27.039594552439368,70.58098603725466,12.139109943403472,3833.1870371848686,0
0,1741.4733767866442,1659.16,3750.0,45.42455098013126,25.83162962257537,74.09730282073166,15.241456830407689,3563.213072485801,0
0,758.0294404793281,246.23,3800.0,50.29116259798895,18.64086875200216,83.76704842017706,19.40981960164664,4248.25581640193,1
0,906.9503303696779,1271.31,3700.0,-5.183235073035,31.04691409959822,62.72151116616638,14.825235218260303,3754.944090669802,0
0,841.8012026390413,919.6,4000.0,84.96414780077261,26.79112490619244,60.82284421652934,15.669830593601926,3899.7886462561637,0
0,1699.1404555122579,780.59,3700.0,14.983673152111463,31.916867767363545,75.19892959525113,19.8523311443545,3843.4532946943095,1
0,279.82435151648207,1202.23,3650.0,38.710644267954265,25.52298966682042,83.72742722321065,13.594590871604591,3837.914751394566,0
0,755.157959891624,1143.39,3450.0,33.186554863302305,27.941552486686984,84.74307831386787,12.522041513000048,3581.253868835122,0
0,1422.9354036712336,1233.66,2532.93,-2.4500413827608867,18.78693381012711,72.10410618480005,18.875380726890434,2381.74382956955,1
0,1217.7982992176167,1152.39,2553.65,3.7118495769579614,26.844306475527752,71.70204052712747,18.94772272969895,2728.728371502091,1
0,985.3208467286497,789.53,2712.99,16.692695250398813,28.705094562265003,76.1240942686299,15.776622677440105,2656.8538549177083,1
0,1171.906808998492,1415.73,3043.78,-31.751527467134352,28.899200127935803,73.89086893012424,16.11365739581829,3040.8407244443874,1
0,555.6522544909728,1909.29,2979.15,35.52443904562291,28.781563131223997,75.85220144035296,18.68645095694269,2584.3375403789128,1
0,975.2899188944187,1434.03,3120.71,-32.393653585314425,21.167956782111347,81.84998563844735,17.908475984926362,3033.819954206828,0
0,1103.0653715174283,2060.46,3061.11,15.366684317139981,31.655578686473163,78.65765423719023,14.121192017736085,2974.722835670463,0
0,1822.140419518283,992.51,3062.17,-1.792841421935389,31.93254968874914,72.42193479216989,12.135146840572148,3144.9602677224975,0
0,669.5032930471574,1264.01,3603.08,29.4702277446139,19.058342252262417,71.54661147500424,15.837601300268366,3489.5837740795773,0
0,1762.0913038968786,1828.2,3703.74,-40.104334635312966,31.110249919364602,75.9900437128279,18.87129860876513,3343.3805967559033,0
0,1359.6345214867674,1260.31,3596.82,-26.55498739308767,22.05228872026117,71.39265711050744,19.1666774135213,3649.4437078858864,1
0,236.61349592168176,1059.58,3717.12,0.08104204951772509,27.649977144513507,71.444483781641,19.64980957660923,3661.2674472392623,1
0,1504.3364064189086,1286.71,3331.58,27.971098073502795,22.73355289030585,60.40764754466262,19.03650590090225,3185.946606613219,1
0,263.99337958829915,45.52,2000.0,20.53995045341852,31.5485605272237,64.35160343518271,16.640348442384788,2010.5031619814024,0
0,1995.2860282648635,44.85,2050.0,41.2570498349441,19.421054016249496,72.21284099989383,15.556844793888807,1831.0919171269682,0
0,1770.746037844156,46.26,2300.0,17.697492456685907,24.968455437389263,80.56633647625922,18.19879877227279,2385.6234527398024,1
0,735.2187455720822,51.7,2700.0,14.556454137140552,23.992669087189043,66.9681751681781,17.918573074924772,2670.3859866193084,1
0,663.3402143540698,71.27,2900.0,-11.78947351294244,22.564328331891787,73.06608582827873,16.305147440651634,2853.4896130561324,0
0,886.593947790096,34.52,2850.0,9.415741555328172,27.03747587232208,68.6240521189808,12.698618980467753,3012.9288184005227,1
0,841.1005375659975,54.26,2700.0,14.512114014898376,19.834780407903345,62.62009973848973,19.40865077429535,2613.197053773483,1
0,870.2080730936859,71.7,2550.0,-36.36886731082213,28.033273853871755,83.95746207678252,15.644820300013297,2589.574372587422,1
0,772.8977830150648,1090.1,2350.0,-7.255483551596058,31.728289733267022,81.36684675625754,14.906670255330114,2331.738113848117,1
0,1318.0401323269966,1275.2,2350.0,26.583903925457435,29.263822002560822,61.96231061167266,17.036539161350174,2803.448561278745,1
0,495.6745946971231,718.6,2650.0,19.487334069781163,30.040234540733636,77.99468156170711,17.390703689335815,2727.6555304156286,1
0,1722.7663264028238,62.8,2850.0,8.674816309972257,23.034914404506036,68.6894976089375,13.685503336242412,2654.8108873354936,0
0,1662.3244712563676,1016.7,2950.0,-0.18602238208034372,22.54841249073706,84.87124517654482,18.69551075847965,3260.1413748253926,1
0,1057.669774139487,908.2,3650.0,-28.57219934542649,25.238676965661867,67.55996299572445,14.319496749299024,3878.4156038003302,1
0,1734.9139375013856,40.3,3550.0,-39.384535800979336,18.64017260667182,65.968461134065,13.493471407314534,3559.5768552545287,0
0,644.8611260545279,507.4,3650.0,7.332809090580588,31.235013882391456,74.19726370763513,15.25119882283598,3554.2252370184515,1
0,231.6178202671405,49.1,3500.0,52.22362650290837,20.01299242222669,80.8781540835801,17.844480647179722,3221.4609043029836,0
0,1314.5742650536815,90.1,2700.0,15.922633463825354,30.642182548353293,64.81297179549495,19.723665427518426,2769.7471386980974,1
0,1024.2369325364875,136.6,2700.0,40.53499422204595,19.17015110800498,77.73506924298329,18.474250114971465,2590.624667209483,1
0,1220.896183332567,77.1,2850.0,-14.417185538876332,29.51674898749984,61.53516457852804,19.522787021361534,2699.525410849287,0
0,1818.8109362331254,84.4,2925.0,22.07873738796047,20.127475362295012,82.97336857776243,13.124846432612214,3061.0843732878975,0
0,1945.8660324186983,97.7,2950.0,-2.5921691372999334,18.533842597280618,62.02687290368247,12.569414390909415,3223.4481316715187,0
0,1342.0156515600854,71.6,3100.0,-3.5569921377184244,28.07285230363172,82.85578440860407,16.46163809525337,3011.4132177652677,1
0,1575.3000617343891,51.1,3150.0,33.61474007767916,21.923714202441996,72.27018123631757,14.322379864352275,3302.313864002772,0
0,350.8551802768957,71.6,3400.0,11.988825115970867,28.002946138980896,71.202277819898,18.624439783754184,3443.2927021887094,1
0,489.2880528047101,143.0,3155.0,-19.638354944729052,25.771193506619475,84.33267698750942,17.375902971218608,3222.9262412297494,1
0,1519.7686489153577,28.0,3200.0,17.450739561091712,19.52330346322092,84.75960444245547,19.765825311886356,3042.8247512644766,1
0,976.4578214984035,33.0,3500.0,-2.9042129118344064,31.049821026216293,76.2544531490253,14.038338845850433,3455.406728052787,1
0,1002.7374867279302,90.0,3860.0,-21.108255835567938,24.332398446688686,63.177982296426215,15.886272914841859,3606.018752999249,0
0,755.493826943786,135.5,3810.0,-9.883739608653908,28.282261889181633,72.65425214138006,16.009923819402825,3530.514246249808,1
0,1293.241490259939,135.4,3760.0,66.1473323880758,25.014288008218752,73.22907752389156,13.91341435885901,3876.9228914450014,0
0,533.2970817491647,99.0,3760.0,45.30961132224381,26.46106064945687,72.86116070338274,16.72074719590406,3641.7204216713417,1
0,1328.4493027650121,51.7,3775.0,-35.36343978714238,22.238830292993693,74.23729596300024,15.546287888633916,3567.7337021189423,0
0,512.8379428434314,78.3,3730.0,10.29085383450862,20.805044256048305,60.46811784485977,15.573772447918989,3459.311921425212,0
0,314.88686247748444,100.4,3420.0,12.112927590209221,25.59598284771295,77.78068203676256,14.901893183779869,3109.381048137703,0
0,794.6438396583098,99.0,3480.0,8.349068721406336,24.16306562159403,77.80985754882471,12.135434819404281,3071.5021241937757,0
0,616.0526156177258,1493.9,2400.0,-1.597237640329162,23.461584988075064,62.8867443794472,16.17676189531831,2415.976050947328,1
0,1800.1849494013982,1377.6,2400.0,33.67668297434579,27.415940731324724,74.25598606114502,14.681982685602648,2021.6508269233486,0
0,298.91621696352786,1451.1,2450.0,38.56739168748185,27.667092848155903,74.20902956089436,12.010558951874637,2519.2839180609885,0
0,517.9046466334212,1232.0,2400.0,41.22501752663502,18.642880785277683,77.06126050476,14.463549661295456,2466.855549142795,0
0,1187.695290049489,1355.7,2400.0,23.252700252878803,22.74242291941141,62.13494230337703,14.229026664718056,2385.726030040149,0
0,1065.9209435254525,1374.7,2400.0,30.216408465853334,23.764703703169282,75.66258268165241,15.147585225789086,2410.6753017674387,0
0,282.5336330744628,1458.6,2450.0,6.3878308761480245,19.356490256298354,67.01879876865853,13.054815917147176,2408.052058570617,0
0,213.05437042726004,1318.0,2500.0,-24.41097983802723,21.302612133776037,72.6750747624043,16.061470597080675,2533.77884912364,0
0,1978.5222955300699,1391.4,2700.0,-25.068772187472298,18.722985161118594,79.33308881760192,17.539522820145038,2734.5978431933863,0
0,1385.9024606459088,1845.3,3000.0,-6.292320610531217,31.94738938063829,77.64114840907533,17.04148455243658,3234.2720454263804,0
0,857.7310356228023,1575.9,3000.0,9.985679177706704,28.31180084157782,62.972575441949836,18.430039580553526,3275.909237579257,1
0,1046.7780457938343,2133.6,3000.0,-17.078726135417263,19.22430219103855,74.77961967790183,15.616066303896648,3270.3949590866746,0
0,679.7902168177166,1574.9,3000.0,-13.246775413316673,18.28349131706129,84.22791327351847,16.152733842717826,2856.407902716014,0
0,820.7728106477775,1843.7,3000.0,5.5401826826549545,28.070029202131924,63.919235933375056,18.483215526871867,3136.390531753,1
0,1368.2800410827851,830.5,3200.0,36.60285980124932,24.14869031955734,81.32267719313538,15.42160936655391,3297.1643144754657,0
0,1789.0612379612674,854.2,3200.0,23.358206338338114,29.015153926904063,77.56370201384442,17.612794799196777,3075.400681157699,1
0,531.4340415461328,847.9,3400.0,-6.588151576116811,30.92866452945737,79.35008282274399,15.476818949743935,3219.1838906286093,1
0,1712.6507096935736,1586.1,3800.0,16.159588947913587,26.390205446229217,67.04895817856614,15.3418895560925,3714.112289107132,0
0,418.8019331328843,1929.8,3900.0,-18.21608935568151,20.619517920841542,67.19722323449606,18.081644996233283,3651.753279354425,1
0,586.9860024591042,2006.0,3700.0,-6.588053325367827,28.950716504650337,82.6504863944122,13.39869532372969,3391.579558365634,1
0,266.91551848936274,1247.5,3500.0,-26.429409007539192,31.381364404441243,68.99580080231397,14.708687775532589,3604.4502382053247,0
0,453.46135176739904,631.4,3500.0,25.72095744513203,26.123238018839384,61.57538476732026,13.793378213975213,3506.8738203079765,0
0,1851.145661835291,1457.2,3700.0,7.929818372196832,27.547964261930268,75.01491758948625,14.872879543740776,3706.124170060429,0
0,1026.9897439130814,1288.3,3700.0,11.05693887325248,22.724645730513423,63.12044172604607,13.842998578928192,3905.726675033173,1
0,339.7985512010364,1430.1,3300.0,35.14842811217126,23.341387725244356,79.9149060351977,16.635245048693236,3261.2168714723734,0
0,1927.5083084701303,1572.4,3200.0,-9.931280861427322,28.285162969942895,76.04366106252644,18.385366420942763,3359.4304553682223,1
0,1782.1861539655702,1170.0,2650.0,26.66873085300718,30.988795377695467,81.86816263053021,18.292904489743215,2532.50270714959,1
0,1558.4285375626544,1150.0,2700.0,64.6230248538456,26.805837421140932,79.62093124456588,14.91600771639034,2579.274800036128,0
0,1880.251025505604,1250.0,2850.0,-9.552846897859197,29.057870718794867,62.80284120845491,19.910083247154095,2852.391967816799,1
0,596.2329575043755,1450.0,2850.0,-24.07547253241124,20.40289024381522,69.52676691086056,16.750834917646408,3212.745023984565,0
0,1705.4647274181555,950.0,2800.0,-16.446013900132996,20.96742726361163,79.36400624786468,15.195202414226358,3015.947593146818,0
0,1441.984153437751,1260.0,3000.0,24.71463222581508,25.44848561566746,70.43353683165815,18.684314233931403,3197.6442388668306,1
0,1765.566649221839,2150.0,3250.0,58.657305016502285,20.471758691399767,84.30913711949945,17.838992101141127,2982.4714366430317,1
0,1634.4408183367336,1250.0,3200.0,57.63322582244024,26.88993098309293,78.39351124733624,17.994202694592836,3227.859928425657,1
0,823.691113718285,1850.0,3600.0,36.12264806554272,22.083144595525788,60.387497917258024,13.569114797870974,3777.359058856092,0
0,1593.91736663106,2050.0,3700.0,36.9824131419858,29.08145666133649,81.99964228902091,15.74659445894844,4162.942771759299,1
0,672.4213453728025,1250.0,3650.0,26.61392253717876,29.313544852600806,62.52011962171394,18.894625046596822,3281.263635164818,1
0,791.4658934504987,1050.0,3250.0,33.12749321748525,24.493024380574944,63.51309310450215,16.032304061030057,3392.537076431141,0
0,394.23029100135705,21.0,2700.0,22.593948727523166,20.531348890526893,78.36231001527628,17.467621947368404,2872.4285202673163,1
0,1883.1379087648438,15.0,2800.0,-4.994103194697466,27.054849455147057,81.624213985762,16.703469864274116,2875.8926922475243,0
0,723.8060541205068,12.0,2800.0,57.83595022626431,31.89901825569021,73.4087406974889,18.738854301747057,2573.1466079483034,1
0,1137.1204373086134,17.5,2800.0,48.38579322423962,26.716272571195326,67.22624332364448,14.276486718092821,2842.5474485409054,0
0,904.3991056391468,15.0,2700.0,-4.424745856264565,18.50084566999611,68.78288863132939,16.60380222309092,2769.4692538495206,1
0,1927.8706170503028,22.0,2800.0,31.21198316743115,18.242115660739156,68.57223323990141,12.985877344078432,2829.8678054759557,0
0,803.0885076892683,6.5,2900.0,51.531055681154854,22.485067586892285,68.1669525952378,17.521686213595743,2780.815834245692,1
0,1601.3824785608401,7.0,3200.0,25.467003221607587,20.740973296045667,66.07274179554125,17.855742706821697,3044.7017310347032,1
0,1739.749078336124,26.0,3200.0,9.866069403029636,29.382716900006315,75.22167736573083,12.342698569511988,3287.583896386602,1
0,984.0916954657387,15.5,2800.0,50.74326815480879,29.827279338504006,82.51013296412668,17.40632770902388,2686.3705530531624,1
0,880.7092660152763,8.0,3000.0,21.38350250227327,21.620662798346665,67.67706032708352,15.317521233326291,2882.3609154709534,0
0,1545.9424776787303,13.0,3300.0,-0.6969384755131163,22.5590268772985,64.6673574365353,12.992775008877459,3272.350559034167,0
0,1843.2127645512214,21.0,3000.0,-13.75422100416981,21.307457548011605,80.96444165928563,15.359260381587742,3028.7586245001385,0
0,1558.877119530029,15.0,3600.0,-58.27741909281346,30.717355663197694,78.54458327224259,13.553863437564655,3824.366704735227,1
0,608.8274580653581,33.0,3500.0,64.32811664466348,25.037090684711952,83.27092578899776,15.324476256986532,3248.8277428300457,0
0,1798.9539453878697,15.0,3800.0,-5.921289087184849,27.18591861714828,64.13799339012274,15.074712223668222,3504.770631429227,0
0,897.6470013862995,9.0,3800.0,39.09862122699169,23.816749213794445,63.60628285291479,17.90713309548846,3712.8824326057165,0
0,1237.2129412002816,12.0,4000.0,-8.009760695890819,26.834198709063436,73.53573485762492,18.19372446533087,3567.955875111029,1
0,1696.5841147268798,11.0,3800.0,19.173990359894837,23.401975274104306,75.36084137087738,16.856229235076373,3933.7355234542533,0
0,539.110581320886,13.0,4200.0,26.243211887652784,22.755498128209155,72.00433604648974,12.18149473745958,3697.618247627861,0
0,1612.1182442195957,13.0,4000.0,-15.978200597556704,26.882721024428722,74.9741659080969,19.44817823256795,4169.769644107539,1
0,1273.0930362392196,1.5,2500.0,38.92592075340558,26.274869092685847,64.50949422187678,17.489866240771583,2666.351115483221,1
0,1808.0149552896949,1.5,2500.0,10.044051508685932,22.109391358351296,71.99034385410208,12.27356359936951,2538.956226339968,0
0,509.5467233183773,7.0,2500.0,28.816117861657702,20.09087830447263,76.4523140234917,18.550663193712943,2221.402157422034,1
0,957.2280266736711,1.5,2500.0,51.36295589003311,23.160073713733926,70.8176612312176,13.60212923774397,2515.9186610819775,0
0,1699.1175671603073,2.0,2500.0,33.490574168602066,23.81276694798673,76.98618339541494,16.633769516568854,2380.488966503782,0
0,234.61706622216832,2.0,2400.0,12.629325273825023,26.801580667944467,71.27978201384599,15.733074959601497,2226.91151915438,1
0,401.96246017815713,1.8,2500.0,63.60121689219754,30.803402690916094,68.33998952105694,15.358710258840613,2586.9149639448347,0
0,1983.0173829621224,1.1,3000.0,13.88371747178442,18.506587165460953,67.59012617717731,19.11770976099518,3138.0349561314097,1
0,704.709521462631,1.5,3200.0,17.328323934808143,21.411254175585828,70.2725514747147,15.498890332500917,3446.8529497239915,0
0,1955.977748703116,7.0,3800.0,10.909363780672818,20.712023191913843,60.57724056705502,12.602752940585205,3735.0677764235293,0
0,528.556791815613,1.5,3800.0,-15.640073773894795,25.03212172171297,76.71312846115285,19.57310981771962,3839.202639923673,1
0,849.9699974132042,2.0,3600.0,-18.394649059621614,24.015811298604238,81.12764102450654,19.36428184991702,3959.7175034849915,1
0,1555.1650001064272,1.0,3600.0,1.1449386261855246,28.20652673348264,68.86567736107796,17.47546151665279,4052.582318401599,1
0,1384.0011330287214,1.0,3500.0,-10.343328839129036,21.393822775628095,61.15082840354297,15.7431402250562,3726.877843467415,0
0,1246.0203198723,545.7,2600.0,8.058245072842345,26.32297712049662,84.66938993463894,12.74287578354817,2545.406508595181,0
0,1153.8185164490137,634.9,2550.0,35.65404580023234,30.37400169039943,66.59245638627668,18.32598494861981,2551.110041566308,1
0,1718.1927985965324,542.4,2600.0,4.773285341915617,30.749488358856265,63.16552804226932,12.603823315392232,2572.201514213131,0
0,622.9074131001069,610.2,2600.0,20.499052495379075,31.422984466150435,69.2438126993257,12.548807879161165,2710.0784724736004,1
0,996.4476685883332,70.5,2450.0,2.3523416142322144,28.825656129119842,78.46392601583892,16.299070739514946,2329.5104560398795,1
0,479.8141258816231,740.4,2700.0,78.6258880850901,30.683830687624813,67.34791492226414,13.281025921477122,2752.055975372884,1
0,1272.694872315268,724.3,2800.0,52.70587328952938,21.28343220779384,74.3675800979872,12.061842138722792,2854.831558200084,0
0,650.9799636883763,478.6,3000.0,8.80982130205385,20.766133220906678,70.38899986092855,15.38490744796629,3069.0750946076746,0
0,800.9157158180944,573.6,3100.0,21.80498149384477,18.090833172927372,62.94409980691546,13.097737852880527,2909.834475897997,1
0,1048.2512899223507,754.2,3400.0,-18.50960462740791,27.895821004007377,68.25717531230276,13.28412332224553,3450.4294935238327,0
0,248.18705426563014,63.2,3000.0,9.639832881281038,31.12454062939242,78.12176264285166,12.615285109882677,3318.4735943273718,1
0,365.4882846575078,558.1,3700.0,-0.009534762808399933,20.61709483058347,75.30009743328614,13.64075002978888,3598.556532314128,0
0,1434.6725972747952,466.8,3800.0,33.57225823852935,26.917210055976305,62.994459497089025,17.723873438195113,3859.2202062379015,1
0,972.145965291513,450.2,3750.0,-8.257789278641628,28.450436629104885,64.08306024285771,18.47141845774233,3335.5424071982393,1
0,1756.6223995998118,49.0,3350.0,56.44351375067397,30.98659929207279,76.01833398268613,15.620269152234405,3400.8317777852826,1
0,1450.409606559559,505.1,3800.0,13.364297639445315,27.0560431362411,80.33538535802172,16.052430527051342,3849.3778018069615,1
0,214.58169496518042,404.6,3500.0,-6.73538578881525,31.584112258482534,68.73686239895423,12.261240276753622,3524.459556231318,0
0,1310.0821953808427,240.7,3800.0,15.80396548912954,22.82542397417567,74.88276879608625,12.554530090970534,3966.523112669489,0
0,368.7047589074896,820.5,2650.0,33.41938522257918,22.89899947279971,64.26608971880263,14.060541805196134,2605.6331592849015,0
0,1605.6797236228897,1074.1,2650.0,28.01004406838394,25.60217514020084,67.78440842263309,16.35118736570518,2837.047844289776,0
0,1984.7138389013037,1074.1,2700.0,18.914343724918414,23.3690263356227,60.50675514182632,17.916409189879943,2556.932769372077,0
0,1156.1578296347207,743.7,2700.0,36.940786781506674,18.01996019602546,79.20689869498807,16.840024490704266,2933.811932256676,0
0,1429.0031003494346,761.5,2650.0,35.41225856439827,28.244808351217824,70.02524549432417,15.137022839894307,2683.8121579934623,1
0,627.1654896105529,700.5,2800.0,35.53706097929091,28.524038580698768,80.40313934134885,12.946592584025105,2787.964410634325,1
0,987.6759387568284,705.9,2900.0,8.10823123770714,28.457644465614784,77.70932490056816,18.246185879097517,2650.866694549116,1
0,1740.9715980254907,1073.9,2800.0,7.934368011299711,22.83028933254653,80.71860664321193,14.910288412792458,2613.570572981698,0
0,501.3613059432522,727.2,3050.0,9.816404336600105,25.312052626356408,67.14146673957207,17.888432115862315,3114.203623819709,1
0,677.9640901047718,1459.2,3300.0,2.6483928534911456,23.039629254473372,64.62771826069613,16.103830735314734,3158.071996581108,0
0,1001.7806155148543,987.1,3200.0,17.641868132021,18.22450960042904,84.29764206629176,17.909296428494603,3391.050127358153,1
0,1482.0480053192252,1225.6,3200.0,14.859435389343483,25.874285177799862,77.93319467602174,19.258316491620576,3255.1876643256483,1
0,876.5911186322129,1599.0,3100.0,56.376708545662346,19.732649325176155,80.85105669816676,19.368236128430418,2834.947333585118,1
0,1869.918103609407,975.7,3150.0,2.3796158725325736,19.120578537280167,60.32833434274834,16.280854240004828,3293.8453684600504,0
0,370.0226922836945,714.5,3250.0,-9.667692142856051,28.57698696175502,68.86154050739717,16.09206691812511,3218.3298382264456,0
0,867.4475555807255,814.5,3650.0,31.14337367710679,18.13308683385348,78.57041726443329,14.125427724022698,3639.978566753543,1
0,1476.1174221711594,1318.4,3750.0,16.788051106944508,31.426118210522166,61.949570824749586,19.48639865223433,3985.03176102183,1
0,606.7761781906864,1315.3,3700.0,-2.1586071662243995,25.213575097576076,74.1834982392234,15.663353337596966,3390.465450393622,0
0,1381.5436416134114,1362.1,3600.0,34.55289012440966,31.762230029886076,70.72681918637508,13.020729914299018,3357.0789610404368,0
0,495.5905248092227,1024.5,3650.0,8.02520249278356,18.81196601461792,60.440412678527686,15.461639317012398,3721.301917261572,0
0,300.76451275103545,875.2,3700.0,53.107121518686945,26.169413684122787,65.89938942798628,13.016426001904032,3322.8732139662548,0
0,417.82829014756794,1187.2,3550.0,-8.75362267141167,22.890578503662756,67.11979972666785,16.020253474056602,3420.6775448783824,0
0,1873.9726096414424,1159.7,3550.0,0.4794838293057442,29.8087548994,62.79649865865806,16.490204118849697,3758.4119373967915,0
0,1193.1515892911925,5.0,2750.0,18.191533746086236,23.057118293280006,75.78842274356651,14.702046091948683,2732.059696277632,0
0,1633.4223958633681,4.0,2750.0,48.94461380145179,21.646826106802887,66.05994690629723,12.573204913851878,2523.219032370251,0
0,798.7781016290922,4.0,2750.0,-2.8375443749298768,30.005743779398784,66.94048749048471,19.54802828506591,2781.201109040284,1
0,1266.785566193804,5.0,2950.0,24.412642024435677,23.245143283145655,82.45596495500368,18.186824907867436,2878.3356010195057,1
0,1090.913840668985,4.0,3750.0,-14.099196534779821,18.23566647804786,71.67807731732849,18.711048644040968,3591.9845463665024,0
0,1902.3283269241292,4.0,3750.0,37.91812160789595,23.464047411750673,69.80320367423181,14.934947154289835,4550.2030667347835,0
0,1545.6343448973987,4.0,4000.0,-1.2955919666144382,27.163311766153186,78.09677595786793,18.086648240155604,4137.958692251521,1
0,1514.9767366938422,4.0,3750.0,30.469318489620157,21.561033543289348,82.74034492207281,15.882983161353554,3686.2210398016878,0
0,283.43588498170317,495.0,2550.0,31.76013722648629,24.047826293952202,60.625908405936094,13.608667907248368,2687.4407436201054,0
0,1189.4054042066439,576.2,2550.0,-30.398299900495573,18.794011935951158,71.20597116388491,12.995387015257705,2505.4790286116795,0
0,1040.5846170232667,450.7,2600.0,20.23317128729676,26.2332990811954,75.26953390194868,14.760406954576455,2519.1708199962154,0
0,1870.11607989115,600.8,2675.0,2.3577901722887322,28.588128934045514,67.96407745314974,13.100416891801117,2723.061083650789,0
0,663.215578741158,583.6,2950.0,27.462770105029534,23.786375859615543,79.31019305308104,19.98615180963255,3040.0381441936665,1
0,685.7002159239698,704.3,3100.0,-6.851512059992881,23.88325685922044,84.28692675675684,12.393511921856177,3272.1884957306784,0
0,940.4232479867007,604.8,3275.0,0.46420740707141306,19.23595498018883,83.58568415625709,15.529148794952611,3554.75028651763,0
0,638.0654841314769,900.0,3350.0,44.961629334630516,20.827172103167754,66.64956348449854,15.616748179123073,3588.6886096230437,1
0,432.5310520557491,700.0,3150.0,43.02690921122528,20.165454243790776,65.65845696093714,14.405055428653405,3311.891751501405,0
0,1743.3467239714414,600.0,3100.0,-9.85264335577056,24.743628761261533,83.93726327553053,16.570812525655562,3278.4237473131197,0
0,1204.8977439270484,400.0,3100.0,59.90926936896692,25.4095775733105,71.46571218578664,13.199816193212357,3320.354201538036,0
0,1750.4528941218202,450.0,3500.0,-49.55147926908671,31.28516183797964,65.20744307711729,18.27129904469787,3649.0634575907256,0
0,1696.0425777266526,285.4,3700.0,20.36447315605372,19.025241059881274,77.67492409076046,14.659581745981107,3348.041058599533,0
0,707.676238621408,659.6,3650.0,-17.111271557065514,26.39815162417066,67.11050809759479,16.730740718389136,3758.9842137980827,0
0,1185.927399783693,477.7,3550.0,24.284477440434735,25.37097938259538,66.68117437677631,17.725113888535674,3843.2961277418995,1
0,349.7918649321268,500.0,3600.0,8.458911177482522,25.227263371101607,81.98122607694462,19.11233694152129,3426.5910586499294,1
0,1847.4533912553652,424.7,3600.0,-10.440981295844477,30.22423002335957,64.06197883442259,18.6862994916176,3515.31608538568,1
0,927.6728871172755,424.2,3500.0,-3.4351336395043823,20.87753858973681,61.60982366165591,16.866472224828478,3487.3783822185414,0
0,908.6171310002385,357.4,3250.0,-4.665749288856247,18.5708258407792,66.72966100429218,15.107145443071095,3287.070291982856,1
0,744.9596671123157,350.0,3400.0,16.909610189723658,27.411801106878695,75.1736353209551,16.02563736059971,3286.7593399776897,1
