commodity_encoded,tonnage,market_arrivals,current_price,rainfall_deficit,warehouse_temp,humidity,moisture_content,future_price,spoilage_label
4,1186.1663446573511,5863.0,2275.0,20.33893031496742,28.506764256342727,60.947164580601935,12.708934405908714,2137.586249709342,0
4,2857.071488588757,13213.0,2275.0,5.569734740957522,27.020470113533868,45.979771823534875,13.214789823264624,2254.931021146755,0
4,2222.7824312530747,5318.0,2275.0,9.55399432563894,15.853842194887553,59.26788575466025,12.357892100921484,2257.3728104377483,0
4,1836.109604171406,8185.0,2275.0,-3.777710851508111,16.23933120125436,57.23244315008197,9.058625084515102,2324.166202907248,0
4,552.4540572830658,4457.0,2275.0,14.095177648035683,21.84884580475483,49.83656435925368,10.958767849463952,2295.318563106239,0
4,552.3841089749876,7027.0,2275.0,25.317565589612297,20.019938398815036,64.69228810501971,12.106269860308268,2165.946316629364,0
4,268.44247528777845,4378.0,2275.0,-22.317735748209458,18.950533491952815,74.13452722104857,9.527198994869,2373.6620402079625,0
4,2611.910822747312,3651.0,2275.0,15.992953756746964,19.77707648144813,61.865664331935754,11.103761587255084,2294.1375766602014,0
4,1843.2335340553054,3036.0,2275.0,28.648697419093345,28.65920663604704,66.44259829331838,9.199218652748199,2293.053810063151,0
4,2153.410475608532,4450.0,2275.0,1.6979942207326086,30.796876911741517,47.05351357698051,9.471470982930125,2274.1644058419524,0
4,159.6950334578271,1784.0,2275.0,24.014012242411674,21.88674580696863,57.530009874509844,11.381539657209576,2227.884072302778,0
4,2912.7385712697837,831.0,2275.0,66.29308888945106,30.40388703625245,48.490754554934874,9.796294524258363,2294.8200129171337,0
4,2514.083658321223,4055.0,2275.0,7.913144140262162,20.465426921213993,63.383875066095314,12.405245089569348,2318.2785476695008,0
4,715.7834209670009,2632.0,2275.0,17.866141000106474,23.099428767844458,73.15446474642464,13.136789814823594,2116.0324920875546,1
4,627.2924049005918,1618.0,2275.0,-4.761141673227831,18.842492962871994,64.85333197414916,13.803520194654498,2225.9727638015056,1
4,631.8730785749581,1223.0,2275.0,13.625023252041007,25.888092716989348,47.30409144943265,10.20090146546886,2251.7998256932733,1
4,982.3025045826594,910.0,2275.0,19.20543249964608,31.64267895797175,55.639986149552485,10.004895493554418,2298.3115251181794,0
4,1621.7936517334897,1088.0,2275.0,13.896846805402761,25.259382632737434,61.519901383225545,9.627407042006402,2383.5913015393685,0
4,1352.6405540621356,550.0,2275.0,-10.393906394177137,21.08283942993033,57.09623268399757,12.818581497261821,2204.771585871693,0
4,944.5645065743215,1074.0,2275.0,14.127235426509014,26.01289658183898,70.00932031425518,13.238854358921408,2229.6854719395765,0
4,1874.3733946949005,497.0,2275.0,39.243918774352736,17.08965153391159,69.44013014129968,9.189516868953852,2228.359395931164,0
4,504.53219589092134,129.0,2275.0,18.972715290290544,30.107204364511777,63.35493060309665,14.617273477462138,2202.0609893004867,1
4,947.2194807521327,35.0,2275.0,29.23974378143682,23.552427163257217,56.20373835398116,9.311827701908834,2243.4060289447843,0
4,1162.4493455517058,63.0,2275.0,5.2597605997474455,22.638945614673915,52.66009121289733,12.247778011806423,2345.1430020189055,0
4,1422.6029542294043,32.0,2275.0,24.998004788474212,24.959701403709825,48.17622954639388,13.254363116705498,2179.1009699218444,0
4,2377.0102880397394,20.0,2325.0,15.58535676433052,25.621325667419843,55.646930504596625,14.225814742476514,2364.78673874922,1
4,679.0539682592432,52.0,2325.0,-9.018214593744641,16.22018870585072,57.39517551623159,13.284521592794567,2166.723092608295,0
4,1591.2798713994737,74.0,2325.0,16.37042009597749,26.60449276079784,65.27468775312221,13.81036849841875,2272.795566330875,1
4,1818.0022496999231,3041.0,2275.0,-9.83393326880621,19.112838565364,64.7447947289272,11.036701155256836,2245.0164736801635,0
4,234.7061968879934,3107.0,2275.0,-2.6576054976958385,27.137194752612025,47.10324418923771,13.888950682479074,2427.41223023518,1
4,1861.8800705141712,1525.0,2275.0,13.786566145847482,28.983091504531345,56.85777946293473,9.480689078308052,2249.9929902675053,1
4,594.5199586931454,644.0,2275.0,15.94488546760248,28.667294628392845,50.45336601652086,14.368899936363166,2074.6868439159666,1
4,288.6496196573106,745.0,2275.0,-13.784649301542583,24.392516445934113,49.70438115950417,12.285554256922417,2093.1011094756263,0
4,2851.7680580346664,477.0,2275.0,31.079715423657525,23.84288816928277,69.81906449211738,13.903786619774962,2278.096692357548,1
4,2900.3328959162222,307.0,2275.0,21.440125566009456,17.42889134277,46.257456501487724,11.713909707109801,2330.853147876882,0
4,2444.3523095377373,358.0,2275.0,-4.094568712217676,28.180884556853307,57.57548627706364,12.86146617117915,2309.16648304408,0
4,983.379930602775,227.0,2275.0,-20.75169592898351,19.613959467594142,50.04610967299555,12.15841596561668,2290.2488796278903,0
4,383.2491306185132,171.0,2275.0,7.101908418371374,23.44382218790509,71.37990647035423,13.389537130531991,2380.7656233730154,0
4,2084.2757768852553,131.0,2275.0,1.0811257227767967,19.832659579767785,61.711215398251056,9.489779892183538,2225.897198912921,0
4,1376.4422318448437,82.0,2275.0,12.262809141060456,17.275082170994782,51.94141909130544,9.362112503943383,2356.436860598441,1
4,453.9108810498586,66.0,2275.0,2.7376667768886698,25.70248084715952,60.07281861499129,10.482619404060879,2126.4866454625962,0
4,1536.0130393226834,55.0,2275.0,-30.149137214900193,15.923644591989365,66.94459079109347,9.95726808067913,2192.649747202636,0
4,199.72671123413335,48.0,2275.0,2.233061233976832,27.7269689801454,73.74354026758301,14.23070139955321,2110.559233061205,1
4,2737.029166028468,75.0,2275.0,3.887617778633741,20.398975519438984,51.61338012736257,10.315283924148266,2249.989077639049,0
4,850.4619466400491,21.0,2275.0,22.673220495481175,15.00228978107625,71.58545316388035,14.855191534914788,2270.790229228763,1
4,2021.3146246265478,56.0,2275.0,-3.963993492220993,23.68919536703291,73.02912342502471,11.021374750626642,2285.3832357926135,0
4,1003.9621206592917,106.0,2280.0,43.57349346745132,15.796482444969254,72.49261633596198,10.092707494132195,2285.643761783307,0
4,1608.1972614156514,21.0,2280.0,-28.23281101303514,19.69488248295529,64.0624307058573,13.738191042854876,2195.4071362299705,0
4,1685.4598100955109,1020.0,2275.0,36.22334995605249,27.018600286747173,63.89461963304123,12.952246653005258,2257.688083158397,0
4,636.0779210240285,1830.0,2275.0,5.5136205824379045,16.06572356757172,57.09631899551468,11.989174298718833,2138.732353156877,0
4,2911.79542051722,2295.0,2275.0,27.191697446871125,29.26875437005204,67.57193646911364,12.332181305625788,2399.053836737035,1
4,2347.885187747232,889.0,2275.0,11.596029681174661,15.064938685195912,60.93882055052796,13.315210669633583,2247.370027366282,0
4,2824.5469305361485,820.0,2275.0,32.79111072050938,19.196005776432337,65.32314213684883,10.370728447987792,2230.5113631670242,0
4,2694.9993162401815,610.0,2275.0,2.252760708943775,27.595368954585215,57.853737115463865,14.978003496340452,2419.5935698884114,1
4,1833.909938552147,332.0,2275.0,-11.972408503556245,20.376592545398214,66.94489392129417,14.848758972880699,2161.95556544702,1
4,2773.4352815670386,129.0,2275.0,38.41008574542126,16.73217059712223,69.73414552813648,12.90195411808162,2172.5715726230906,0
4,356.62825595056654,510.0,2275.0,7.7303870823571765,21.123976619607273,49.393087698084486,10.19725470557487,2175.2439504369604,1
4,668.350301015521,208.0,2275.0,14.431169472484212,19.596685868536934,69.98789146722685,13.081369454587747,2268.8237042653473,0
4,231.1591378405604,250.0,2275.0,34.6950382808959,29.326102336729434,61.20889595370922,9.433190453875055,2314.278478297021,0
4,1043.4579592134664,15.0,2275.0,-10.639104841888699,20.326914598947432,70.33997727270673,9.183915013234836,2342.310467598723,0
4,1227.164140099498,229.0,2275.0,21.909817952785147,28.41185202019212,57.93905119023044,10.546097331067282,2509.051573892042,0
4,886.9121921442982,330.0,2275.0,-1.7978951292578174,30.16182646178249,56.37121456149105,11.775737740435897,2070.3016466677304,1
4,2503.338776540595,210.0,2275.0,7.356612887112563,22.374896132801002,72.45182197551668,14.209635032450283,2330.394938610322,1
4,1134.584647411409,80.0,2275.0,11.445579307685778,30.469033445524666,52.53507802645204,13.363014418597848,2224.301117895927,0
4,914.7100780934043,10.0,2275.0,-20.00443722893872,21.41440691737428,70.32636975858429,13.456239127199886,2221.6362214511214,0
4,1673.8186411589206,50.0,2275.0,-5.576740856408694,31.389333080331838,59.520617175282126,11.552960006688451,2218.6007363288973,0
4,508.68025242681165,72.0,2275.0,37.021457848262784,16.51792191693474,60.42286327653779,11.075609955281777,2192.3019599564745,0
4,2426.371244186715,56.0,2275.0,27.723823771695912,26.679327530555128,54.25404844468452,11.226232577907616,2428.291759948914,0
4,316.1968666713354,39.0,2275.0,8.747208453455302,23.394838687767788,62.191266018570474,14.925897382416347,2351.649056758265,1
4,2961.9721161415,224.0,2275.0,14.862469170257862,21.590029692746,54.75633588828634,9.240655148474895,2277.110834048721,0
4,2339.5098309603063,27.0,2275.0,4.115149887270847,25.756101938726218,46.17808242724957,14.202188976734691,2397.942433476317,1
4,676.2754764491,85.0,2275.0,37.13166771655964,26.96557055778363,53.15995816033068,12.472052451434362,2137.3598641578023,0
4,116.01413965844696,150.0,2275.0,5.992948444116722,15.074175584055254,45.19137130219772,11.631692515137543,2153.9058330488856,1
4,2464.838142519019,114.0,2275.0,14.63684184269696,17.838202508702377,74.35064361170569,13.35154596249082,2076.8049363702835,0
4,2149.8862971580897,1262.0,2275.0,32.9206028828413,27.12178286078342,73.97241629459242,11.920013648548217,2211.3532768487808,0
4,2214.120787318863,826.0,2275.0,-5.547429696918131,26.32855203082951,56.85465892416915,14.240539428489964,2289.7145659301323,0
4,2336.6840053892424,763.0,2275.0,41.17578368993788,31.422807587187513,66.85112563018939,14.40421118406755,2284.3601305918423,1
4,314.7294900288621,736.0,2275.0,-20.609228194867537,27.93764243426331,55.37418295231275,11.530325561240733,2288.590113906449,0
4,1139.5506127783906,322.0,2275.0,42.59284262225597,31.163136031432746,65.13279471257928,10.66096678341031,2146.5938283729865,0
4,436.0202726228762,280.0,2275.0,2.546488320960508,26.943188526091717,69.16290129137937,12.554101971560174,2348.087081577876,0
4,2602.9999350392213,522.0,2275.0,5.146025043494365,20.066887546870532,73.40268734076722,14.474180073700147,2296.806104159749,1
4,1907.564567799918,243.0,2275.0,-27.800203423658857,16.79120367826456,57.00636827549016,10.263973134034,2341.707939613406,0
4,1059.6042720726828,66.0,2275.0,0.9041056524461428,28.291005676863904,68.49893948868143,12.737799501380897,2102.7586418393053,1
4,284.31921582946853,197.0,2275.0,-10.796130620537685,25.95053676509057,52.97785351896356,12.789361320555123,2303.345668150599,0
4,1001.8487329754204,36.0,2275.0,-2.1529269074694533,15.819162210686036,74.70996911380945,13.398678134491686,2166.913363167505,0
4,1043.0316338775665,680.0,2275.0,7.2537806842224075,21.12085792031663,45.77308796293053,9.789406110763558,2238.843584017826,0
4,2215.857917180386,435.0,2275.0,29.15583228945811,31.265596863232865,63.10586419503363,13.29494978809253,2323.627205775911,0
4,1948.916666930118,248.0,2275.0,14.152067028012516,23.50681947707342,64.78517944953981,14.454195123993845,2283.2895181692884,1
4,2672.916953471347,398.0,2275.0,16.153533068022277,22.35639531233498,65.64136671222386,10.078098653221453,2197.509861840082,0
4,1469.423282969653,173.0,2275.0,-11.910387776911247,22.780893287707997,48.61162736367267,10.425259949543266,2275.570857212782,0
4,446.82331322107495,50.0,2275.0,-7.615081792054603,18.551006308087782,73.15589350419391,14.828370564249838,2135.6302863128285,1
4,2168.4098829466857,182.0,2275.0,45.97450036702624,21.26802190470152,50.43549837150248,10.08586171625694,2379.674333026745,0
4,2306.2766409890028,14.0,2275.0,-4.704020695264932,21.286825351782003,63.68260209719523,14.126310560217474,2256.319154225841,1
4,1727.703872951539,68.0,2275.0,43.124165041145915,15.89003534318703,51.68028237369255,11.953667138688209,2376.7880449272348,1
4,2335.804821868227,33.0,2275.0,5.13877602238267,28.04864968480461,54.216492510638126,10.483386446419063,2227.08561647426,0
4,1532.007229456733,23.0,2275.0,10.045758722870081,22.080575342365943,61.393756251843726,14.224499407635069,2227.354585055001,1
4,1615.9252052077827,1832.0,2275.0,31.407303204598595,28.977058075879196,57.515802556937295,11.671831530015993,2205.459002415956,0
4,1339.8689532397939,3819.0,2275.0,35.43784843877313,29.45591601903822,49.806768029295185,12.088904123578141,2354.73182778407,0
4,173.71546755787605,4375.0,2275.0,7.7837487944182495,18.603898929877186,50.12809207262545,11.155400216398593,2210.4417646831084,0
4,412.8851382805829,5125.0,2275.0,2.2351389295692226,26.175009196892184,57.54434364488399,12.557705108609564,2333.6581843497806,0
4,191.14463849152935,1396.0,2275.0,8.881591029555738,23.02879067077069,67.71848934826502,9.981143235510137,2240.196831812095,1
4,1945.590192664963,515.0,2275.0,16.759150564642365,29.962664544665245,71.93893940543366,11.346489219910564,2095.1873397098625,0
4,1011.6323451213474,1748.0,2275.0,27.82607373739511,18.66759154599972,47.52382986778149,14.816473934011725,2223.1014198314315,1
4,1574.8550043776381,2500.0,2275.0,10.084597179883032,26.522824405270754,56.79311722678203,10.548800596206766,2167.701152492981,0
4,2731.94277438567,1860.0,2275.0,22.377725960463074,25.331786078296282,48.0073669116863,12.940419987247754,2278.0851478550926,1
4,822.9474645317373,1095.0,2275.0,42.76719464541882,20.020125118721158,45.49777441897794,10.95114038534817,2166.6728960536216,0
4,1290.1104768033263,2622.0,2275.0,17.62619224529569,17.322215362069933,64.85156047931869,13.640838754119603,2359.26373416503,1
4,2291.0983017748413,260.0,2275.0,16.233057120095566,26.077875928113702,63.07348325899763,9.7852419643101,2266.7120967078745,0
4,763.5146799257052,223.0,2275.0,-20.378216501801354,27.556156788249623,49.890573414446585,14.818926270471268,2258.8387644769546,1
4,323.2417385034997,3099.0,2275.0,-42.61460273658127,20.36566484397695,52.014384992791925,11.722737248301836,2334.68618453867,0
4,940.2792134499273,110.0,2275.0,17.76751458460337,25.962154268379336,45.71123260933555,10.416302780078784,2362.715531000904,1
4,567.5417330366129,2457.0,2275.0,8.103515374382555,21.717225429395555,70.04841617083211,9.440980483980075,2273.1710135889616,0
4,2796.123191793462,129.0,2275.0,-0.2956534982948398,27.1245170158045,74.24071788145655,10.018547430525244,2204.8207727410145,0
4,2443.549100736809,2298.0,2275.0,14.870604083726892,18.386659673198903,49.06378610384073,12.118643691336107,2113.568764933796,0
4,1936.870893880228,33.0,2275.0,8.791925416061835,30.133655044814965,51.94425641295894,11.022019058587718,2212.569472109799,0
4,2627.2357115443815,59.0,2275.0,32.55560501267797,19.885963139914857,71.05228571840803,13.973300195295657,2218.8336855550356,1
4,2430.649023007432,515.0,2275.0,11.722217365179558,21.2523617918546,72.79391393868555,11.585325141970836,2284.742228222299,0
4,641.0531707695039,38.0,2275.0,-4.938465701403352,15.987563185365946,57.58882148420431,10.492285635525779,2243.5916338164393,0
4,2688.4210956209354,61.0,2275.0,29.80332477918578,16.8957076094617,46.51867416807222,12.702869919624181,2337.60190045668,0
4,1664.0925015553871,350.0,2275.0,5.65737850107595,23.769652346109577,46.181755010784585,13.240663301312676,2219.2185223143674,0
4,2441.5764499757815,80.0,2275.0,20.530733673446143,19.549075504375516,62.21849598207031,10.0022514474057,2269.8092538163824,0
4,2698.6647697781304,250.0,2275.0,0.45178587614399035,29.203163837617303,56.78685326679537,10.005715297729907,2382.7428573309166,0
4,1022.2100774184053,26.0,2275.0,-2.9965377099487274,15.249787607134216,45.859572827329636,9.220028561601257,2306.106094469902,0
4,419.1505811302626,73.0,2275.0,11.683364603713922,21.444598827422915,62.497571769376705,13.418412090393844,2269.5365837063405,0
4,761.0119713716309,10.0,2275.0,10.256572870873702,20.734874295074576,45.33907609767068,12.98282716573083,2220.223055783899,0
4,1338.6125870161434,6.0,2275.0,19.59654070733666,15.328569725599218,68.6211587444782,11.847785254498884,2217.375942898937,0
4,2472.24282117523,69.0,2275.0,4.627084933805149,17.114262783008673,54.19298468110115,14.065022693815184,2197.594193981373,1
4,2596.118691443396,3.0,2275.0,-26.72719567540795,22.0319254736168,46.207740090276964,13.834020917700318,2225.768375213756,1
4,120.16117854045304,1.0,2275.0,1.3445223282322267,23.378697935606592,62.6505666294946,12.512126186380513,2343.7655913257327,0
4,1581.1671774749407,520.6,2275.0,25.876369342876313,21.872925703332776,56.93053243299164,14.209627683079551,2254.8081673124034,1
4,1310.4919091314591,2599.0,2275.0,4.052478415137871,24.025940533005596,74.21401240071448,10.23504726022061,2152.170650686308,1
4,744.1126503651177,1763.0,2275.0,5.0723319497090396,25.117238473396586,61.32595987511107,9.671517716386367,2435.9034056684404,0
4,447.6095652676801,701.0,2275.0,29.727530118118743,15.168704959173205,53.25717543111025,10.618497669101938,2304.1168323942097,0
4,1079.083997070521,1148.0,2275.0,-4.239464545178455,22.889617710709565,66.28316593901924,9.34252113653589,2146.9681505533017,0
4,2834.4381413463057,1011.0,2275.0,-20.856064364857993,31.379487095089,53.144760076281344,12.187017168006193,2234.791747621085,0
4,1037.2885028601902,613.0,2275.0,6.787377609490113,23.82354876220233,72.12729874222696,14.61963415376977,2285.090660837386,1
4,1604.4928030557617,740.0,2275.0,0.31652097502525933,26.518218546802203,56.241659115221296,9.236061244011058,2430.117880490061,0
4,2138.754980796016,353.0,2275.0,-9.32492639506508,20.301685584587013,61.49605688328616,9.73265948406016,2174.1617662984427,0
4,1154.5258468999525,60.0,2275.0,6.492430882026186,28.157853428596965,46.517193114726865,11.71319416970061,2363.819705461391,0
4,2918.168039890786,205.0,2275.0,19.83011294493567,28.139665191893954,57.783637138566924,14.60325010516743,2402.353264854483,1
4,2891.0971553321224,18.0,2275.0,9.814228768643686,23.86203281012036,69.97090618982985,10.896936629860503,2217.7924582382143,0
4,830.1686578935561,1175.0,2275.0,16.139621453724757,31.59223499574663,69.16946416090026,12.043408852130355,2249.746260683719,0
4,1542.020667087918,1235.0,2275.0,46.26815397030846,17.134353650965107,51.729556765605786,9.249437154302353,2180.6958584889867,0
4,972.547098468632,204.0,2275.0,3.142422768848718,15.288110303122878,51.78237213031688,9.890059205772534,2256.4850361616923,0
4,926.0374336946561,985.0,2275.0,15.56697269289339,28.09268959987063,69.5191593663971,14.919780737753081,2271.6703123347934,1
4,206.97214732814513,1485.0,2275.0,-0.1842672519826909,28.721644135203004,72.91195260507976,14.790712178616273,2335.0281498254953,1
4,1867.7365685417008,620.0,2275.0,-6.927194397739459,17.043522895049797,47.86082763819011,9.029639885606457,2374.2066958628607,0
4,1557.7691673636982,314.0,2275.0,-1.6981530683553974,19.514908160296304,58.501759182786756,14.710870712539434,2206.92325811943,1
4,249.2883786249691,2037.0,2275.0,0.4248285695662286,15.298390177232692,55.12362836892687,12.834719626893001,2095.9734191554344,0
4,908.0747462861732,890.0,2275.0,17.18951595094251,19.9862463832696,71.12065366372317,14.207509767120133,2273.066725085862,0
4,2733.9710693032957,210.0,2275.0,56.98151573401515,28.143411856617416,47.50574744040056,11.728439133803155,2301.711915227146,0
4,794.7294829342201,229.0,2275.0,-4.320868725516807,23.80532897111384,51.33377827674112,12.093576171475501,2297.697009579339,0
4,520.195129064547,242.0,2275.0,1.6674938876907497,20.917625083860898,67.57405012759483,11.93307948154152,2245.272734476677,0
4,1519.4130048049328,301.0,2275.0,8.737539737775036,21.319568013407615,46.538815469436464,13.001185545276627,2286.352441069418,0
4,2958.386316920742,230.0,2275.0,17.91597697419494,15.02301163716296,59.77606142142868,9.837907528537878,2412.9054775600544,0
4,801.9602873833512,20.0,2275.0,15.2710162390957,20.09660896860901,58.263211040391596,9.179841539236067,2309.7378093755883,1
4,2049.193087477048,263.0,2275.0,35.68191587896234,25.98979860784482,55.03203536966246,10.847579649547146,2241.0234733247194,0
4,2308.696884453281,32.0,2275.0,-38.52784141070416,31.56130554487807,56.83716945956771,13.22808457641988,2229.4819986442644,0
4,789.1488775779591,213.0,2275.0,-37.73859740391345,29.40003405872629,60.898217607906986,10.21112071273769,2259.543435451327,0
4,2211.827410974393,5.0,2275.0,0.08243655979701359,15.401114398973995,49.84102075165149,13.040594599949504,2423.943336526588,0
4,1166.5710848858344,72.0,2275.0,31.946003750874176,30.27553027947227,62.15987634850778,14.819472276643623,2258.319635433116,1
4,1933.6869087213804,1902.0,2275.0,-21.312960632111924,28.31437302607664,69.16296987899959,9.563404294736511,2273.198714648616,0
4,1937.2361612065947,7588.0,2275.0,-50.15264679387514,28.266394100706666,67.80482789370477,13.035612709350758,2231.1094650447967,1
4,1653.7465838167996,4583.0,2275.0,21.423588124384175,22.785927903060717,49.61699714081321,11.662501315827427,2375.0074855272187,0
4,361.8403331577841,4754.0,2275.0,14.873144474054289,21.766089980226546,49.47748409224422,14.208853526265031,2453.3451901817652,1
4,2522.37723720879,2337.0,2275.0,-11.804168135988597,20.149567390164275,53.0452310323474,10.062898736684316,2316.0057874982563,0
4,1030.262188418034,1860.0,2275.0,-9.710792014418598,16.11681260222422,55.832241790231116,13.155755713356987,2282.532334244474,0
4,640.9036801595772,2608.0,2275.0,-9.394874392693488,18.880001179392885,57.25366744225448,14.02869173788866,2278.347237818856,1
4,218.24791050881535,1540.0,2275.0,12.210706349478802,19.19226179462642,65.39091650500036,14.667685316844139,2058.0280822204973,1
4,1813.5895352459013,1345.0,2275.0,-2.52630552366014,23.229310185073427,46.700412964975065,13.099488169737874,2342.808728649918,0
4,2064.9366493426187,1318.0,2275.0,19.88127837951039,27.706554912143798,46.04018112678199,11.983048584050565,2287.2091438556217,0
4,148.10470389078284,959.0,2275.0,-47.09253325808782,23.054767082765093,56.75731688831727,12.707083441207283,2313.979126610126,0
4,1585.0698690679149,746.0,2275.0,-7.137037302555985,15.98335564060173,65.91491076413942,14.21342990687231,2210.2569403383827,1
4,756.83774807402,199.0,2275.0,-12.521079218221004,31.282426616799466,50.803060288694475,12.423658479832978,2240.014424013085,1
4,1971.0010921874045,776.0,2275.0,4.873186432550156,31.02631342459991,64.24513443768755,9.182322358181022,2237.596730778211,0
4,605.6626441144751,578.0,2275.0,-0.7609551698027701,28.348222233522943,52.79484413820899,14.585692173041867,2367.9676915506466,0
4,2103.7194404971515,476.0,2275.0,25.95687559791533,31.85257432659175,71.58258326440549,13.137160506189367,2240.5328548691186,1
4,1221.5325042715585,90.0,2275.0,-27.18673543320115,24.25619965760447,71.8706983279985,13.059080314663479,2464.5220893119917,0
4,2816.51696733653,210.0,2275.0,10.90982952661504,31.367061954304504,53.918616128439794,10.294050914386304,2314.2084801303686,0
4,498.81073802338045,74.0,2275.0,21.16672846423411,16.285285690484763,51.899812618897215,12.953312821395944,2158.9128779403886,0
4,1089.0924180457496,17.0,2275.0,47.1329487312391,21.216572720443313,57.339119161986936,11.363186433924952,2263.3022873140717,1
4,429.0732115977083,69.0,2275.0,0.36468057813049626,18.83148155611502,52.21594755540446,12.907397862248953,2215.697563883766,0
4,2781.611493007832,146.0,2275.0,16.489172087050342,18.32916243028259,65.1715152987511,9.639558181847944,2075.311195246378,0
4,2644.284124804845,10.0,2275.0,-26.0772558512473,17.393650131175495,69.78194053644856,12.947071827618217,2420.551855550355,0
4,848.0307203739512,2.0,2275.0,-37.839124086260476,25.581031906621945,65.19276392733651,14.996482354624,2338.98597134202,1
4,2013.9537334991192,22.0,2275.0,26.895487515634,28.282471547704183,69.73051341748048,9.289272233163336,2323.5218659288375,0
4,2469.944380583526,5.0,2275.0,9.888794127038588,24.83107279014613,56.90976486622422,14.863045105327904,2290.0517330872735,1
4,1710.0823536384407,6.0,2275.0,33.570253795968455,17.498366062999565,49.68950912126583,11.441447764337223,2149.2364012489884,0
4,1635.9866772324187,4541.7,2275.0,-17.468057779394982,28.789104088869003,67.13852842192776,14.224520702023554,2230.990840300455,1
4,801.3716436113099,4446.0,2275.0,20.39804279057505,25.811230021783384,55.81423515424662,13.69431290434964,2351.6020505053452,1
4,369.9980266371077,6714.1,2275.0,47.37635681087706,21.598817004158924,65.13812475687398,12.402097565920007,2179.338977289792,0
4,2701.925698064648,1007.5,2275.0,18.394112167145316,26.46021502411307,53.11931825945297,13.43069525550796,2044.6089922211759,0
4,2711.2123657736583,127.3,2275.0,15.531630111820975,19.418384647128157,47.43688904420018,14.271093367808088,2254.333353291936,1
4,1935.994226092477,225.5,2275.0,10.171121616486996,20.86826754440158,74.7774538646329,11.424841929906197,2262.100062583494,0
4,1083.186394041232,322.5,2275.0,-21.417629142518244,30.597259333243834,49.68604523791798,10.962198969379433,2287.3362708937384,0
4,1112.7077663767166,197.9,2275.0,37.11145871420696,19.938576596414148,74.65262981890443,13.005560313381508,2341.2951965598227,0
4,2205.2714687236944,128.1,2275.0,-2.217152796101317,22.989800558684923,74.31839797699342,13.84707565164755,2333.02212891304,1
4,2701.6197538624738,41.25,2275.0,20.08966512766034,30.13239933573225,68.81454311724119,13.573710808659694,2298.548052277197,1
4,2672.5506303688403,9.45,2275.0,-21.26068613142507,27.03126295454797,64.78268886245993,13.786881893151808,2383.7933563158904,1
4,2361.6390829871093,1.6,2275.0,-13.589193290155606,16.057454844799945,62.334211507532544,11.613499888877598,2136.7737499459886,1
4,1961.8917738474345,182.4,2275.0,38.70174798444471,17.504151752742494,70.98304636133504,13.90700529705013,2320.9169451174425,1
4,344.00589848564164,127.35,2275.0,3.053954220843141,15.133307043122587,53.68318564858464,9.721254332223651,2332.014991063662,0
4,568.72327087438,74.05,2275.0,39.065509520850895,25.72567043389578,59.03043637454631,12.266934587765096,2162.199831966698,0
4,2705.80714672853,30.0,2280.0,8.435386818829643,22.61044823197711,63.58169908099506,9.03455196298873,2142.9382004881663,1
4,1858.6442730128108,1000.0,2275.0,-26.83795545915715,17.282672465338685,57.33571427608473,10.947514979401621,2207.1192664907203,0
4,126.67144968822598,961.0,2275.0,27.84135199463441,31.284880057965097,57.824593622708036,11.198769209228388,2214.799728731108,0
4,394.2674743114931,695.0,2275.0,-1.7978463551121564,24.00421530707554,54.908540025062536,11.377036149655533,2343.561171178721,0
4,2024.1551304133618,671.0,2275.0,23.97377627034087,19.112185999919117,61.926954500536084,13.172803240139173,2219.07697068411,0
4,114.67859315403419,90.0,2275.0,10.504217350801643,23.51026070963003,70.51723584045348,11.331348607622076,2197.0722848364107,0
4,566.3433491107461,204.0,2275.0,-20.862364558857408,26.553545656496834,51.04585134018939,11.692161735735183,2219.341329960795,0
4,1691.3279891630998,269.0,2275.0,13.285895307411382,16.296066705550597,73.03299116260324,10.425264785245965,2376.7955424080333,0
4,2106.4960733088105,118.0,2275.0,53.924462843055984,19.669964855814165,65.67262961244688,11.239510749776041,2276.1869470683027,0
4,1990.6876525575415,84.0,2275.0,19.859729170289185,28.71841334502789,69.6981963804009,10.363617763578908,2258.6881566925213,0
4,750.3809974356234,33.0,2275.0,8.849644939890737,22.81430279684524,61.68572077890035,9.439175542610663,2264.9894996182043,0
4,2165.319741907854,136.0,2275.0,31.506868039137956,24.291811414549013,68.3855010427219,12.620691560288268,2392.5774904237137,0
4,788.0223537407202,76.0,2275.0,14.213369304062216,22.357872037560977,45.48601192018402,13.009276791330098,2206.825372879105,1
4,1043.6591246618764,139.0,2275.0,14.190684605255885,15.746299024931087,69.55141274338605,12.716942076057688,2394.7112544755496,0
4,2264.82507484227,24.0,2275.0,-11.832503443182052,17.81774625694265,46.204165772561,11.780964262803433,2294.155163201857,0
4,1983.9354072369226,128.0,2275.0,14.676960515791968,22.574207858612144,71.69740129088588,11.278714681075378,2260.4018362402435,0
4,2562.747890433116,29.0,2275.0,30.708868328338895,18.556152911934774,74.7588824171593,14.180001897430952,2502.58194531202,1
4,2007.0773876709957,31.0,2275.0,-6.721243042000495,15.84964348721454,53.822023865303336,12.114490710817307,2178.9368064283276,0
4,1748.0949496728676,33.0,2275.0,38.489916424938954,29.342044288881006,51.30955668857381,11.875091265778385,2242.8145958794025,0
4,371.65682670146816,1.0,2275.0,8.16587951709748,31.68027299578997,67.96090091574122,9.153852394838614,2162.848757236076,0
4,1166.3758288723573,800.0,2275.0,-7.755390230770814,28.48342885794457,52.5907902276076,11.047486965756939,2361.674039318791,0
4,869.0868662770038,5355.0,2275.0,29.95264153840489,29.51434366897934,70.9668714951661,11.281173712715143,2428.716192962303,0
4,807.5699657993424,1975.0,2275.0,4.264115285234614,19.11361121538977,48.0852777647243,11.392936685381404,2426.962973107822,0
4,2921.730608782092,2902.0,2275.0,25.190297749722156,31.330658583724396,48.77865589138075,12.481034215363994,2386.3793365362862,0
4,1239.9834015336053,861.0,2275.0,4.1648273548292565,18.347736975708283,74.37454665301847,12.20161528036127,2257.016537430567,0
4,2686.9350100136285,258.0,2275.0,8.803477129401927,31.17430677615115,65.21516694810015,12.647430556760668,2241.763071048424,1
4,1930.3020153920625,215.0,2275.0,19.871204086685832,31.911927997421166,70.40661673286859,13.58929956925277,2122.92355070304,1
4,2404.9527802707803,55.0,2275.0,15.817941151800117,27.09928769768283,54.729881320545545,13.87791443229656,2460.264491701543,1
4,1557.647570005057,102.0,2275.0,-29.91063560903477,31.67944344046097,65.29451248561813,13.308738457358967,2317.6770051115104,1
4,1773.0212654164413,819.0,2275.0,-12.424874801887835,24.68217625264076,62.82725481925792,14.733142175729608,2230.231921656877,1
4,1528.3013120747053,350.0,2277.0,28.58819969581631,19.412210313993537,63.09450360368841,9.10939549605817,2397.959421448933,0
4,666.2046646143291,1.0,2275.0,7.357268221969055,22.428930056315554,65.47597378613165,10.174667914101276,2186.47842897484,0
4,2195.1111342583654,290.0,2275.0,-0.47462605542843583,25.09053590143936,62.26077519387296,9.045377249868853,2312.0026051142636,0
4,914.2398510784818,45.0,2275.0,-17.171480305149487,16.242386554459255,57.87187107907998,12.884848284927617,2259.2907487795337,0
4,170.51630265121614,20.0,2275.0,-11.594726425516967,25.579835498493182,53.277680831416404,14.388183293699921,2333.1196197291074,0
4,1971.8696581307868,598.0,2275.0,-30.435972799238947,31.680023224959008,68.05743992739606,10.460893779457795,2269.214807934063,0
4,613.620970280442,4305.0,2275.0,7.974385625969342,18.23183004632337,51.78817290009559,14.56220726877784,2142.9655619088785,1
4,2827.3298946234513,2475.0,2275.0,-1.968751611620938,28.474116976902515,65.77062918463243,9.361604341737365,2281.8774499129736,0
4,2866.3928733075036,2359.0,2275.0,-9.331757819706304,30.43427949425353,51.9999846794798,14.606616160833086,2370.4466369106576,0
4,2753.1067316393005,2182.0,2275.0,8.637531496640937,31.042927077943755,63.75990509863362,11.109736123437806,2272.3413070672873,1
4,1173.4602307407888,1788.0,2275.0,17.279412617054764,31.322305274892603,67.41234801387087,9.6085249706953,2345.535476064607,0
4,144.82418793371554,1407.0,2275.0,51.863958644198895,23.864813858265023,51.56141666719618,11.915230555117954,2179.856816803661,0
4,2792.123831504404,831.0,2275.0,-20.237668391264272,31.61423443585556,46.79829902583925,10.540659406323048,2272.6102678124435,0
4,1341.7340301202116,769.0,2275.0,33.18762086601044,27.87427352128546,48.92921228982522,10.709237411771538,2218.1695485869395,0
4,2903.2989752266417,598.0,2275.0,29.46203122030144,17.748414416028353,63.179909018130765,10.84373978955772,2342.975256449529,0
4,2894.497933558833,691.0,2275.0,-5.581854787534011,23.107301809955487,70.48339218677206,13.818155386995981,2277.865732165842,0
4,2573.727420855344,413.0,2275.0,14.06471909172062,27.211629981324066,46.34990463706273,12.234967660051527,2337.7967045466316,0
4,953.9017870017985,222.0,2275.0,0.8473350132476956,19.204785368924416,67.02453777124938,10.867846194936021,2373.981648780366,0
4,1216.7834129455832,438.0,2275.0,13.713771608374778,25.890458120331083,55.23955937850157,12.66200269986551,2337.9372903360463,0
4,2568.296347398885,215.0,2275.0,40.182620268091014,26.332208143792528,59.35585109758568,13.296904045339161,2299.853777520722,0
4,1019.0738149532052,145.0,2275.0,22.11212465262626,17.76589564474562,72.86578649536696,10.635744004401202,2184.1626844754624,0
4,591.5289653896682,118.0,2275.0,20.17216746466884,24.606450311696857,54.959145142075364,11.481294609152108,2274.746463929312,0
4,1714.7236611292155,12.0,2275.0,1.3938136009071513,28.117657486636332,58.960108018184584,9.731316560021686,2226.488773416559,0
4,2814.848845066265,11.0,2275.0,-19.681133298486703,23.481226297111014,45.410472442820435,10.086896097208083,2243.690179939915,1
4,2118.486410357422,2.0,2275.0,5.830635789191842,15.205752985193826,47.44796160014515,13.086707123789896,2240.917392281727,0
4,1753.1773932591584,1368.0,2275.0,34.1321630972783,15.153653974347968,52.75774773404352,10.088630086173762,2185.8267726948156,0
4,381.8118319352287,50.0,2275.0,-20.543357131792952,21.06949884749021,45.83556722463223,12.150980302002361,2096.882188388807,0
4,1883.5209574275923,400.0,2275.0,-11.101787363533901,30.74529916334029,63.94125978144753,13.254277570334596,2214.198982602173,0
4,2971.1561653023637,515.0,2275.0,12.525354724681364,18.88750525326135,57.79195070404867,9.641261538568463,2292.5975301250983,0
4,506.24364418591966,70.0,2275.0,-9.69309569694525,25.784182710818683,61.44435608184066,12.40387331777342,2152.3158888660982,0
4,1603.1559918548364,258.0,2275.0,-5.850468942304252,18.77528980178645,50.23941557688988,10.539376702208182,2276.427083518918,0
4,2644.381908591071,205.0,2275.0,1.5280283654364588,20.468389824212327,53.87796088309848,14.777561251425478,2447.924426612298,1
4,2248.228991487193,120.0,2275.0,-17.312348083802988,29.41671552322523,64.91473424558176,11.901273880319549,2368.0981465279538,0
4,2121.345648886277,50.0,2275.0,-9.482436924327367,27.3906445185891,73.959081708912,13.835955298650948,2424.562277329968,1
4,2137.203843562617,114.0,2275.0,24.068558335746175,16.62178771432458,46.51250320806628,12.301359252937571,2310.592636800878,0
4,1142.52433853729,1590.0,2275.0,-16.14739564461928,22.28793435676937,71.71152962565799,9.260475197128915,2381.2433938917666,0
4,951.4163483670308,797.0,2275.0,-21.95744268989675,15.495885981969495,62.306436039336255,12.798908253564134,2209.1192095274314,0
4,2447.1473508876893,243.0,2275.0,-2.600499590677888,23.17513249225115,61.91758700266871,14.708420053239943,2216.3650357009997,1
4,2449.3288445696244,467.0,2275.0,24.639110050196916,26.26137819891816,60.00835605623281,12.609670920877987,2025.73824124149,1
4,2614.509723882301,335.0,2275.0,6.06156384006221,17.014544601168577,47.0818225771255,13.915133156560742,2382.9392381378493,1
4,2748.397602413767,316.0,2275.0,0.7083784376876334,19.911043961455817,47.69630555208482,14.305238780090447,2415.1694821636097,1
4,1582.8929566967197,211.0,2275.0,10.887175950312141,21.763222633536667,63.02736016977258,10.368478631693595,2224.6608706733987,0
4,1554.3972545928789,1403.0,2275.0,-24.91414865719304,30.632027419152845,55.22875714306675,10.272269039449359,2251.8903947178514,0
4,2415.056019003648,185.0,2275.0,19.89411307550065,31.885335262190388,72.51804199733041,12.665885933105951,2206.3985476541225,1
4,1984.895399255519,430.0,2275.0,17.668700628072884,15.76349208292547,57.197716120784165,11.46617081884023,2309.821473184452,0
4,2135.70394404734,251.0,2275.0,1.8138305180855756,27.937134699421662,49.298443761079234,14.039167817200322,2377.368861622595,1
4,2407.798741364693,121.0,2275.0,30.118490235928334,21.319309128839834,66.44156500506108,14.400138740388067,2116.4077503768253,1
4,2681.015491270942,70.0,2275.0,-12.549921979060773,21.67178916590116,53.80060264323029,11.120528275816309,2312.258906288445,0
4,1080.1859548694538,726.0,2275.0,32.55817986507138,27.82250454689939,60.764109220676794,10.421223353846893,2249.8228687735577,0
4,1189.1905626558375,1935.0,2275.0,13.089873311905023,30.613249346471946,65.93498356515511,13.683153091463172,2285.3188896689685,1
4,372.5476255385201,680.0,2275.0,3.2689482024365324,31.165786106543322,72.0079233360621,10.648836213288817,2316.7684541523604,0
4,1777.0124088889045,600.0,2275.0,9.602527292633768,24.811083962651452,68.76573584405028,13.935685911082071,2257.8735780716734,1
4,204.23259401055205,1780.0,2275.0,7.854704683781165,21.07105970810855,65.29083203618173,11.542429521892577,2265.573596340074,0
4,1450.2342525841345,1825.0,2275.0,34.405657928354344,28.38833445959925,65.38899547185432,13.005299395748823,2255.5373597525277,0
4,1673.6694406519723,1360.0,2275.0,-11.53358254942027,19.267023515459105,73.3777393209626,9.573211883008009,2363.2987743627336,0
4,930.9696311720248,680.0,2275.0,-5.250384782931965,24.589258490169804,53.87472292489608,12.743155948059439,2313.1071563716023,0
4,1813.4164556501312,880.0,2275.0,30.726057841449595,21.095833845922844,45.033362825885625,11.710606072423374,2295.0731019341,0
4,188.45072482324335,785.0,2275.0,-1.910698703677184,26.162728253033894,53.15863678194596,12.519650779052846,2159.3433933806023,0
4,208.3097473727218,1140.0,2275.0,28.01066154663183,19.086781519189618,51.53674138880232,10.00808524646918,2240.549243367603,0
4,2485.541625913009,305.0,2275.0,43.98871966017419,18.257080077492038,64.85503755341995,13.421242469665092,2356.7788935908648,0
4,1144.5528600926623,175.0,2275.0,1.9640994611673275,30.61006447348243,64.01134799296587,14.176782465259372,2278.430388154277,1
4,468.47548669046586,500.0,2275.0,23.62724653150611,16.730662610142126,62.80384148114172,10.300438800544654,2335.0173637326116,0
4,1614.5054541589327,125.0,2275.0,-13.07384562679717,23.601284431493838,45.48730329628361,9.57428733312097,2435.752573829815,0
4,2332.9813039859714,75.0,2275.0,25.094665961356185,18.75449731037115,66.86334163351943,9.141831516278017,2369.513152298002,0
4,725.8809797408452,80.0,2275.0,13.988479719735341,15.661809376536347,54.70591237456475,12.851829002659596,2283.477408730677,0
4,1906.3823798751007,180.0,2275.0,19.460765643204304,15.612319910954248,64.95167967019893,12.642564216532683,2228.4999855121887,1
4,347.50764848192716,31739.0,2275.0,-2.9114414407079003,17.978770125799066,61.6973528550646,12.28018447628442,2042.6269867589133,0
4,249.87699138896232,3892.0,2275.0,-23.22166831134345,29.735096026602005,55.28192776283721,10.391682576695853,2259.6769720549705,0
4,1640.928431547629,762.0,2275.0,20.065041294990095,19.802138647609453,49.03728801312323,11.345435975433087,2245.3328628806667,0
4,1667.841852669309,2648.0,2275.0,-31.268063049589088,31.157805899780026,47.832566929814426,12.566858011117038,2310.523323689979,0
4,1948.546714344799,1968.0,2275.0,3.652990155149304,24.88757898081629,69.94554999336671,11.980601153155016,2260.9946243453032,0
4,2205.6648677957187,801.0,2275.0,28.823637328399393,22.422441226069026,72.55192626244674,14.926713121289325,2245.8449595912516,0
4,2929.97103044135,902.0,2275.0,13.837954717460722,24.86151018938073,64.49364140292899,9.8186385153404,2113.074697323843,0
4,1597.2710100734664,500.0,2275.0,48.966852895796265,23.783872548846553,48.1030234458145,13.170867324285563,2189.462927547344,0
4,1036.5737715296132,500.0,2275.0,30.50218305163547,27.899196313874526,57.06081650664722,11.425912608625753,2318.375244712851,0
4,2406.0399648292405,3312.2,2275.0,-3.077967766511529,19.80243312153849,66.86817600315472,11.56919768955369,2431.1475944330755,0
4,885.4135286600152,433.0,2275.0,10.546267597028773,21.00185665720514,68.39462652030204,13.305586593949057,2266.1251900791485,0
4,1373.0171200463446,244.2,2275.0,9.05258594911128,30.19960314306526,48.54655866873266,13.154616907946217,2304.8308076952453,0
4,327.5235058925713,31.6,2275.0,-21.643535266922544,31.089760723556893,45.00092156536147,14.94753596221313,2361.6755122827053,0
4,173.51715590482678,162.3,2275.0,-8.807978329687064,30.173489867270067,66.36411137641815,9.770365736724752,2201.208651805777,0
4,2891.6804025659826,77.1,2275.0,-1.215218139597205,22.130615897274332,55.69788527958617,9.624657896304997,2308.380077938975,0
4,2524.342349485397,3570.0,2275.0,-30.72441005711873,28.26621355111699,52.63443994854781,13.346032902772446,2207.6154003237734,0
4,2118.325197671724,2670.0,2275.0,10.949869365032859,23.097707466118678,45.386924093685764,12.470321502038455,2353.6990239026823,0
4,1285.9635388013826,1910.0,2275.0,5.018563106939186,23.458177486483738,61.20898220284499,10.644963999358835,2288.7776773636074,0
4,602.5535282054527,1950.0,2275.0,-23.457878026231484,18.479561853973827,70.53452206277944,9.47651621393392,2302.1591150723107,1
4,553.6674237461496,520.0,2275.0,18.084257305546643,25.04921515539478,73.72894938817764,9.513949497578583,2203.7835276349083,0
4,825.7044046773265,2265.0,2275.0,24.31745489381919,18.164310261806914,61.972348518398675,14.36514524798471,2339.3399447245815,1
4,1692.7573276477494,320.0,2275.0,14.540689577297778,20.636599884142292,60.433839832196824,10.151203948312457,2464.7088758320224,0
4,2172.328175830181,649.0,2275.0,3.518636495820596,29.5355134275389,47.551691564677235,10.940229372693125,2183.280035716033,0
4,2014.5723924814206,283.0,2275.0,21.828843035037096,18.520288756584538,61.46618404627799,10.359938413361927,2244.0819303040753,0
4,911.8083011432342,813.0,2275.0,23.60440720953382,16.20969084794836,56.399372368961835,11.129977834991625,2296.0762801492965,0
4,2869.109313923263,395.0,2275.0,16.148071394393767,16.173129074417876,63.21405842650731,9.41654305647656,2346.562965291619,0
4,2239.9010584177286,239.0,2275.0,-6.4922450086952175,30.993336848552836,56.6617904362964,12.114358745449621,2224.0812880386584,0
4,1707.626752283062,611.0,2275.0,15.532015310223613,23.61764744535119,52.208973703511006,9.405675381553289,2017.1942435970107,0
4,1873.9901640796215,395.0,2275.0,33.90961301650958,21.96000522088931,47.8489582568513,13.802139046934169,2398.686243968926,1
4,1316.8401810405908,343.0,2275.0,-1.9325811722346042,28.784935877134615,54.447553337666875,10.402272491462599,2344.206056882157,0
4,818.4198695533566,82.0,2275.0,51.95878678264862,29.209040774478773,47.89934502863257,12.240071487627063,2116.3917747257133,0
4,1132.3207680886585,48.0,2275.0,-0.512618679707689,20.647247562965276,50.30690852471952,14.28047452536875,2219.71123994806,1
4,2297.7537203466704,149.0,2275.0,10.648140266802724,26.791506977054517,74.62008475738638,12.905264214283164,2417.7046010869867,0
4,141.74111702629202,26.0,2275.0,-3.449711920126724,28.10908786948207,58.32310670719856,12.197746719308011,2406.7494740796656,1
4,436.6106574700571,12.0,2275.0,14.465416718405217,26.12906167672123,60.9561529951505,10.946002518692254,2360.416242063784,0
4,233.40766186308298,6.0,2275.0,-24.844433852705507,17.57711627160169,71.20855586211647,10.998011478349188,2258.9737685096525,0
4,218.1135267250134,13.0,2275.0,-0.9208359763344234,29.89001241978997,74.86706701472063,13.016921731189141,2282.551855111938,1
4,2580.835693631921,105.0,2275.0,-11.842424006971342,24.164607396512146,62.48143348034044,14.964836167327006,2263.0857517335226,1
4,2140.6077922020686,74.0,2275.0,12.706766957845819,19.802031248290064,69.37421463132515,12.971035139096273,2377.669820277464,0
4,1475.104104353243,650.0,2275.0,29.88894751017815,22.228879152440797,54.808230730100256,12.346700504220149,2195.298341008945,0
4,383.71906588790426,150.0,2275.0,22.92012374229103,15.638708536781426,54.172318723418734,13.383903061435475,2201.6722314055373,0
4,1525.686037838814,230.0,2275.0,-37.433187217177846,17.1737356207811,57.081111629836805,11.791233673702308,2366.9349874020772,0
4,1473.0681352636404,400.0,2275.0,50.84139305855761,28.014294758769637,65.17521788020947,9.360854055604712,2270.9631075484476,0
4,602.285422739044,350.0,2275.0,15.905598812417367,15.000197790841224,65.46575067765296,12.373780895267458,2400.440529346297,0
4,1358.1697827901219,550.0,2275.0,-5.529982809860005,22.081619084198966,54.457183039483525,14.74575170703228,2213.8923891647705,1
4,1255.663729752383,650.0,2275.0,13.142558379818816,23.882673078455003,48.99629772409886,10.051817654145959,2270.0151692091667,0
4,1885.9652843514277,600.0,2275.0,13.523796450053847,15.92878514001653,63.97188769396526,13.140029344923995,2191.0604183792,0
4,1941.771587516167,700.0,2275.0,-3.336974339031274,31.542328770529657,48.849775865662934,10.20560213195434,2275.6700040095448,0
4,231.3816283389291,650.0,2275.0,13.95833334684151,18.844130631244422,62.3547752468799,12.214966106838489,2140.452228733109,0
4,1186.3765824167665,500.0,2275.0,-2.1494457524061445,20.171378233816775,65.80266384168927,9.580058697880318,2230.6253586930984,0
4,1914.9937555712854,60.0,2275.0,1.9127601461995454,20.167022708335466,66.01834489183355,11.70222561754911,2144.300898291541,0
4,1559.0951498822544,200.0,2275.0,-3.725582715101689,18.91708325599495,67.6041633197879,13.536979973371476,2338.1470142204043,1
4,2583.8205394461347,50.0,2275.0,-18.653425794793055,15.025054975467294,71.18578264696994,11.085429145433892,2340.209629918128,0
4,2010.2115316949405,450.0,2275.0,12.916729404307677,27.398861499495936,59.99876975894365,12.989470346923309,2117.5460915259246,0
4,572.5098385361462,300.0,2275.0,21.705988730326762,31.43637349658785,66.90747568588714,13.772699764738375,2396.383602840552,1
4,304.6493674612466,250.0,2275.0,20.297671921527446,18.812989215845768,63.5751820609751,14.563066916876716,2502.264776504207,1
4,1963.0159067983152,200.0,2275.0,26.398505052704685,26.27180226065818,50.59919819393048,10.407852491132722,2279.186581193007,0
4,176.88280057070324,150.0,2275.0,16.486804200297364,27.612237558298155,45.77068934608224,11.39589549485585,2216.6586023195573,0
4,1798.7491856930435,200.0,2275.0,-0.6545099643380698,29.42323144453892,53.536241570308015,9.914496079982504,2532.014083781277,0
4,2826.667700132377,50.0,2275.0,26.793277288623777,22.184696349231356,58.291011190128586,14.954901012950252,2154.9738666544713,1
4,1768.875115840049,70.0,2275.0,-17.1503507968387,20.149825395887298,63.51317833285969,14.562005807545772,2276.829688485088,1
4,1225.6927859989135,80.0,2275.0,-8.013427650249604,20.53001727839153,70.49877991509616,12.239742781683358,2291.345626809505,0
4,1965.5358334828243,400.0,2275.0,-9.284001428464894,27.114562662674718,50.88737150118497,14.052199766258529,2397.40843346117,0
4,1428.9333824253981,50.0,2275.0,31.601121182786205,28.885250930595813,48.76649369695431,12.125747863632252,2307.736246736538,1
4,1682.2886890162113,50.0,2275.0,28.85577028280151,18.087437451862243,73.90439842422983,12.741514128016558,2229.624315483251,0
4,2830.247945451923,40.0,2275.0,19.746104740899895,21.30599713868201,48.24133678129221,9.5347465926961,2188.442222294696,0
4,1219.6976496222453,50.0,2275.0,31.438597304235945,30.332983344735553,59.354732103215674,13.531622522980847,2243.894214357602,1
4,2887.452635089351,30.0,2275.0,-7.5856556482397615,28.71378983481057,62.56691186379906,9.76628090181141,2183.3696101539917,0
4,2725.516861672585,250.0,2275.0,16.97190239721961,31.74259284696209,61.24123262722315,13.95640578151517,2279.352104100406,0
4,667.7942908889597,2590.0,2275.0,7.496511432336716,27.82222041459537,47.5809647109883,13.692168526022314,2223.6581476326955,1
4,301.1477725379798,42920.0,2275.0,26.93764207769828,21.684318417474678,46.71080742010858,13.252468186457858,2139.0425608106325,0
4,392.2562039945373,13120.0,2275.0,7.695515348956048,25.04084317790884,48.16450282383107,9.216962283148572,2389.2182667421166,0
4,152.84329438949422,860.0,2275.0,2.3011422317983765,26.237242322204445,62.567630516178376,10.818770135671972,2229.7118003679575,1
4,373.88458619219233,1086.0,2275.0,20.8181703712198,16.33374887739111,61.330346629029634,10.578675419465057,2159.5995507472467,1
4,2080.7196429074347,252.0,2275.0,27.523383343824655,24.256448304765705,52.01222376110233,11.160818444829115,2259.688418761634,1
4,306.44708053466405,428.0,2275.0,-3.3669038969360336,27.058454084034363,64.13322425536775,9.52585648058303,2281.2218125030568,0
4,1025.0293278519077,167.0,2275.0,8.778486572952477,17.844462168018026,69.60202506166948,14.621746938186376,2116.071527972308,1
4,2550.138401811418,42.0,2275.0,-11.168812672833056,28.270739196234473,46.24736879539781,12.322813444274257,2305.1799377084444,0
4,167.488613633895,191.0,2275.0,-39.96122034985879,24.924137268739898,59.94389830644127,10.833145863948141,2179.7086612491858,0
4,2461.9585995079137,91.0,2275.0,14.00919262827458,31.187770356859108,65.67931236308071,11.381889102445701,2430.7036216363617,0
4,917.3788468428598,12.0,2275.0,22.178107125092637,15.72117906951716,52.569357812090615,11.683215243029014,2322.6804065989827,0
4,442.67800010280314,51.0,2275.0,15.24133618173451,19.51054433844294,54.233127158794474,12.603566000163703,2238.609100900052,0
4,2120.537779556037,48.0,2275.0,-28.991234355087343,25.22641594809701,63.409137089681515,12.094076566178988,2207.1897329011213,0
4,1923.9342556616637,72.0,2275.0,2.9830113984705084,20.04151850750082,71.9380588033121,14.516351839286504,2265.44793861171,1
4,2644.6688392284536,139.0,2275.0,-34.366955201021625,27.14521078921112,69.29773260908698,11.981780897434982,2330.7639574840796,0
4,2231.7060270312686,91.0,2275.0,37.3940221530837,27.903089802872827,62.493906572987505,14.952948088939877,2272.6800342987467,0
4,2430.094698116061,40.0,2275.0,-11.72109164236172,16.742771389130066,66.90665153271748,14.108549746470574,2255.238548550546,1
4,917.9002604567888,676.0,2275.0,35.10807218919793,23.735525891515053,55.94467410623396,10.251063086144015,2280.311696464428,0
4,614.5746769611961,320.0,2275.0,28.917392873682914,23.65113944504795,64.22896584296274,14.583571287863498,2220.048837257437,1
4,2276.782779758489,657.0,2275.0,-8.011807050721234,21.277773093664198,58.98544773382671,9.698198387312857,2243.7682606572835,0
4,2439.8207438750655,168.0,2275.0,-12.655699025354899,30.859722663684426,50.69808409372683,13.904698250947149,2085.1928880596447,1
4,2972.4649118019524,437.0,2275.0,17.007404327726764,29.06760743784476,66.05214821631772,11.283739760859481,2363.6090870075654,0
4,1296.5912630431367,200.0,2275.0,-6.886480743661419,26.852559492463826,61.69393912046466,14.267845922670418,2302.1905980092806,1
4,1178.8524487990712,79.0,2275.0,12.04969284316415,27.143552807494956,55.75864745860774,14.208340140644701,2204.615518192958,1
4,2351.597586151791,133.0,2275.0,0.3434481838616339,22.849174444823024,72.34017570235892,13.835552400705726,2447.7848833033268,1
4,1088.3302667337516,28.0,2275.0,-25.623168289312666,30.65690685864179,45.628023534802,13.740182617842368,2282.918499715707,1
4,2799.1962442503377,35.0,2275.0,-34.60936038248918,26.80812226330585,54.47319453748488,10.828074834588245,2180.710934950257,0
4,2589.3969803447344,53.0,2275.0,14.533684969891944,27.39267804814888,46.706441933329394,9.485515698307513,2352.963105353812,0
4,1344.0826793875533,2908.0,2275.0,-1.2311549266125077,29.64874536438487,67.99581948664881,11.41788107259097,2311.222387702343,0
4,2277.5260965953426,1971.0,2275.0,-1.0617963382826456,19.659217018817248,66.06322362341378,10.041147089919052,2310.906778679064,0
4,2288.174334845579,1343.0,2275.0,23.917276781875707,28.720205365733953,54.940566562089515,13.16970653341477,2236.2562399767053,0
4,399.05921962420456,1572.0,2275.0,33.4688455326489,18.319090250260366,65.26988706621219,11.076598359226713,2315.995110863801,0
4,2717.403429370743,816.0,2275.0,4.549105572763816,20.870813188163094,56.8781167858785,14.85366120515949,2251.1799955898805,1
4,1565.2318800987857,505.0,2275.0,3.18802586180277,20.705377722587325,67.68761374267302,12.845832464071993,2325.5906720997714,0
4,2496.726651712451,627.0,2275.0,20.002860662277676,31.63493296261539,58.625509882101184,13.934883381806166,2101.650054685032,1
4,1028.143842988774,194.0,2275.0,-17.138711393991507,29.561132803714756,57.36839183494997,9.79514803645109,2235.5175148688936,0
4,2697.0173626389815,246.0,2275.0,14.46306109495394,26.919887647034415,73.04189746464903,14.172086893635736,2431.7161139005457,1
4,1228.684868329073,182.0,2275.0,21.03771943644308,27.359964947461634,52.52637299672101,14.536543143080365,2205.196861558573,1
4,131.42918929286526,214.0,2275.0,23.604604168352584,24.55523750484371,48.613420199896964,11.922371512913616,2220.05071492812,0
4,2725.6077316158644,109.0,2275.0,-28.7350540500493,31.100541340844824,62.536293397783744,12.637517626505865,2234.2355182010524,0
4,364.7313626797873,22.0,2275.0,-5.227105396178812,23.436398799000145,74.07965436852537,13.588858805417972,2164.452641634133,1
4,1026.009549012203,34.0,2275.0,-7.5652650564693324,21.468801067788206,56.335176411815596,10.049031763562475,2074.046449363229,0
4,2855.179704447334,62.0,2275.0,11.99773908818426,17.771600727837047,46.861102908863444,12.015396458780653,2254.016637734351,0
4,2856.7607261189128,12645.0,2275.0,19.61489159535968,28.365496088437986,55.17915801928702,11.391978166633878,2287.363207591431,1
4,1762.9698755575298,250.0,2275.0,39.93420814891962,27.485546845285054,60.17794962958675,9.878243952973495,2270.2220387629827,0
4,1932.3279152924179,600.0,2275.0,0.10069039263853874,21.534035654910294,49.85769019896641,11.205206533749188,2261.8160508627425,0
4,1400.4920137371273,400.0,2275.0,0.048550033815722315,15.4282880373069,64.74306654169476,9.409033856312961,2278.916719247385,1
4,950.3112379243871,100.0,2275.0,32.99344037757494,29.26295457120618,74.93248167030602,9.154871441696923,2368.0785739111193,0
4,1053.1271815727564,200.0,2275.0,15.931538770606101,15.194105718719252,58.55218427944332,9.810997734928936,2257.6693970804413,0
4,2050.3035226234115,15.0,2275.0,35.353030223759475,26.962896253693867,55.64185670190638,14.778690669535044,2222.7584854850584,1
4,2281.886135369272,15.0,2275.0,15.774560060196727,31.49437086534297,57.021125005034,12.297177215370102,2249.4175808751843,0
4,2395.579226804961,20.0,2275.0,-13.142332374265418,22.44024257851946,48.45438535185603,14.794932966919319,2327.7205551378665,1
4,2389.892614104206,50.0,2275.0,-16.66256709555613,18.994547884931198,71.49820804278671,11.594987269980791,2403.4944459474355,0
4,364.49769884120207,26.0,2275.0,-21.03024498117858,26.982807170737487,57.44476966564056,10.870896798511557,2217.8389197356046,0
4,1533.8188836374864,14.0,2275.0,23.241036695169463,28.89117841426495,56.61823234274524,12.036851177041465,2284.0029746196283,0
4,266.92040404826844,12.0,2275.0,33.77193646174016,24.289315373323404,64.79070818791423,11.637070131797461,2305.7905272161724,0
4,1693.633758738833,3.0,2275.0,46.98724282772762,31.439599679354487,58.261002627933706,9.633988105570463,2184.675401387677,0
4,1380.4384539827934,18.0,2275.0,26.862106646464802,15.878368268185339,64.44700406423539,12.844957888141238,2276.857962216375,0
4,2674.342129999069,3114.4,2275.0,33.25677155069972,23.581525171176978,46.84338870392362,10.296229095057598,2141.6236789818695,0
4,1117.6535364010283,3177.1,2275.0,-1.6003266530736937,27.21371710448335,69.41170031166682,12.717527729386978,2114.0164223597144,0
4,439.494347640057,1861.5,2275.0,-13.128316334877134,29.664888009536043,73.21511858638208,12.90120655438892,2308.3739231181953,1
4,514.675877953224,1164.3,2275.0,27.001586648351065,18.04734540243243,64.46296158478158,9.91214911877189,2240.0673985388985,0
4,2308.3808319806694,704.9,2275.0,18.353615044788015,28.600059189982584,73.63697786576432,9.368097762664009,2293.407517093531,0
4,1892.8323836171571,956.3,2275.0,12.148887486817852,24.396020287215272,49.542969431098896,13.684569516410638,2273.37155709224,0
4,393.2557607560917,528.6,2275.0,17.747429612659797,21.741412593829374,59.32248568441061,11.758802542615921,2186.1475955715946,1
4,343.90973773349253,105.8,2275.0,16.463709649164116,17.23915548584459,63.05420201836342,9.348982773032855,2270.8818585212452,0
4,2132.8104812314477,539.65,2275.0,35.67633719707123,29.71002790145151,62.4520994226356,14.969197903018603,2162.787781243648,1
4,311.0127184561612,36.55,2275.0,35.89971169633912,17.67364453905516,57.04385337267129,9.3466833659782,2401.5784845781277,0
4,2483.394171942033,106.9,2275.0,20.884407046806942,20.266393606554686,55.142532280987844,13.170211373151318,2151.6066986177434,0
4,2148.102458753839,49.5,2275.0,26.916057451258563,19.930774043361428,48.80472067651257,14.902073551580482,2257.183540341859,1
4,335.91146386150933,117.3,2275.0,20.281251048495516,29.814038581244525,56.75227351686834,10.435080625295553,2180.1532854877005,0
4,346.02937084705655,146.6,2275.0,0.7766053593076219,26.435950901551266,49.87982445316455,9.853496212123178,2326.9083267758324,0
4,2961.254777653409,11.3,2275.0,25.1312934982628,28.54358375225333,67.03097029476655,9.728309636534574,2244.839745213383,0
4,1185.385307692749,49.05,2275.0,-17.889901377185232,19.257954279472482,51.2649280648377,10.819650885405574,2227.80132851447,0
4,1174.8622264939836,31.0,2275.0,31.077831045917662,25.62285969331898,46.75695915853601,9.606274866063881,2352.6413405996914,0
4,2457.1187450467573,38.3,2275.0,-13.8904587953207,24.719681713443727,61.57098413451703,13.152968050164791,2277.6781838426573,1
4,2847.02087441319,0.05,2275.0,15.71606573589466,29.15811640540061,62.85689198158205,9.373750788780375,2322.014644580173,0
4,2959.4030850863255,33.5,2275.0,-6.903079168523178,30.403480028181427,71.15739183841517,12.056532768898737,2185.6993397769106,0
4,2284.7967372509306,19.25,2280.0,21.067779661488537,15.206665115115575,62.309448372530454,14.98018112311786,2151.8806947138114,0
4,1191.1527980396556,4372.0,2275.0,9.321495481441822,26.458338623999474,55.36442561170337,13.883821617036112,2284.7559245456523,1
4,342.1520784261394,3243.0,2275.0,-21.89511916326665,15.881208585035393,69.09035644578961,12.691316629386066,2245.9849816499795,0
4,2353.726056189567,3127.0,2275.0,18.413992620369577,24.33059730631505,61.20836679562263,10.83752172471967,2332.005555193309,0
4,1719.3723242338347,1729.0,2275.0,-1.5584155366542127,19.88975639374253,47.37840853893575,12.74337501774983,2267.728330807708,0
4,1330.2438268162311,807.0,2275.0,27.62293441626738,20.2152021918764,61.9755168093974,12.16224878346991,2293.6618558703512,0
4,2728.4277167747346,822.0,2275.0,10.026513774688144,21.00029455869006,72.24055636264987,11.55650030334223,2127.2721897753468,0
4,422.4726986878389,799.0,2275.0,17.908419707760764,25.56197163384337,56.88937876494661,9.784262260441198,2446.8477615048973,0
4,1528.6128024434915,31.0,2275.0,-9.151379100304236,20.678849416369076,53.889774056994,14.3196252914428,2260.053979362085,1
4,132.9255698255153,872.0,2275.0,-1.7866446285472382,27.455883860034767,49.3040837105406,11.698707892927935,2338.480414300867,0
4,1459.1158617829662,174.0,2275.0,0.8272272779783094,21.876965554755785,49.54336565806072,10.167735070924591,2198.915658010014,0
4,263.27949947732833,215.0,2275.0,27.134049604851114,16.162004405269297,57.98314453025456,11.206556105263738,2303.028901101778,0
4,444.5719571774086,140.0,2275.0,43.54754175610979,28.323917322229825,62.87039472484589,11.484778515173563,2156.441126519248,1
4,440.8261156536042,25200.0,2275.0,-6.103435034857526,19.857891518076002,47.41846215508805,13.965227373401245,2316.1381732816303,1
4,1982.7098761365844,26550.0,2275.0,31.536962893153607,22.357036953187464,73.18705767075497,13.401686283368413,2242.6063583208893,0
4,2263.5301498697277,10700.0,2275.0,-33.39354835451404,26.652546014772327,67.65400852335588,13.61582936184804,2277.6563358581366,1
4,1791.7694187817629,23400.0,2275.0,-13.883788021845788,20.651754671528103,62.59871754850988,9.066187586571884,2338.515636741839,1
4,2890.3003905761716,13000.0,2275.0,-9.175569123735496,15.961956154494166,69.85316012816972,11.496923989078569,2162.838831678954,0
4,1187.1246806187419,10900.0,2275.0,-17.050173788814448,21.35665779921783,47.405602704363396,11.888064909811941,2212.7112525142356,0
4,928.5650502173961,1000.0,2275.0,-21.6717677957516,31.055625905803158,59.30516633199373,9.11515366093834,2316.6165095788956,0
4,2618.9374717494347,6250.0,2275.0,18.25997824275595,25.90948475407549,63.9027938058499,10.558879252470206,2465.938154183754,0
4,748.4279317064127,479.6,2275.0,5.718646045442773,26.415145527342517,69.85958718354868,13.561738938732809,2262.434507545805,0
4,2893.345364377773,347.0,2275.0,17.588107952102195,25.74879661183988,68.50408680147802,9.822658234373995,2328.793386731078,0
4,135.24797660046738,268.8,2275.0,23.809453722430263,18.382866362310427,53.31207749140199,12.21186078871555,2265.2655962428785,0
4,2912.6485974521534,312.7,2275.0,15.312339863450669,22.11167568973876,73.22640508677613,10.291211232103425,2451.744349122823,0
4,225.16374465667073,53.3,2275.0,23.155263523007473,27.76597657217641,48.73037524292611,9.07272464786336,2116.0028283061615,0
4,2684.315029724406,175.0,2275.0,8.609354275154612,16.723339258403705,71.25400855863457,10.44720874559725,2283.6105150649114,1
4,1630.3332163502696,595.0,2275.0,-13.739867766114891,19.72349719352511,74.12820748813856,14.855242529460323,2127.0754929458526,1
4,2979.597908745971,33.0,2275.0,31.156283616415923,19.697424843919514,50.31460569667877,13.809222671297938,2046.9019870811587,1
4,314.0100377326567,213.0,2275.0,-1.7822426556225395,22.344321769106603,66.66198192611355,14.7574598659262,2302.069046833721,0
4,1706.1774247638302,31.0,2275.0,-8.71192597524852,31.666268596017147,46.20856556333995,11.927124263558174,2287.694299449419,0
4,2910.977353295387,115.0,2275.0,6.4416424839120365,16.147543293624974,57.16268475417465,9.658417192065022,2249.0798386654596,0
4,1616.9837480934316,41.0,2275.0,-8.25621838593026,23.817916904470117,60.48849897593022,12.287756933842157,2265.3363378063827,1
4,1925.2560505922613,400.0,2275.0,1.6513923602113554,18.04919959420758,62.419356777289025,11.726264007359765,2556.9452485004845,0
4,2117.67119805539,162.0,2275.0,16.88107843126933,31.50150127196565,73.07811744745678,14.066142496437696,2251.5060624391394,0
4,1418.1690878265424,108.0,2275.0,16.96683478492254,16.926159580366892,65.16752061882585,9.588495484705467,2321.421316873757,0
4,1919.918432243784,291.0,2275.0,-7.956601328512587,21.86121704014705,59.438338536577106,11.929446822130668,2215.907801415137,0
4,1794.5115045769908,1425.0,2275.0,0.24589254102510694,27.544044742188305,69.29025108797669,9.900291988163906,2301.866164328695,0
4,2713.358230423868,642.0,2275.0,31.486660095404876,26.97742527646657,73.51598462863227,10.94805556134036,2253.3207355699387,0
4,231.7945029902278,560.0,2275.0,19.928002354678824,22.18638682719685,45.66198446046872,13.424142464326799,2237.642818071595,0
4,914.7932498174679,514.0,2275.0,51.50130078697083,20.89091085519621,74.47563816768115,11.856108776212599,2440.5197664302295,0
4,2856.1933038220204,74.0,2275.0,33.60256347483055,21.7594104353988,47.58396417191041,11.255329710874616,2382.123831649775,1
4,2681.764973283657,15.0,2275.0,32.885861371198786,19.492696473696867,69.43160337806285,11.366857671420211,2287.44394491333,0
4,1421.4045830785676,272.0,2275.0,-17.75737100911604,18.4906599580156,53.410042576542374,11.75668061043592,2065.316713829099,0
4,1898.3845336244565,55.0,2275.0,25.27720703266845,23.21167485850113,48.96538973261615,13.710099263022341,2242.148160684016,1
4,904.4054306452848,14.0,2275.0,8.937863966061787,19.565073853149325,58.19566919141505,14.352508133641408,2520.975508360863,1
4,645.5513631989078,14.0,2275.0,-1.0196360707649905,19.886848303253252,64.3186973834284,14.73200811902357,2254.0097883357867,1
4,1444.7253743259482,1.0,2275.0,13.36030681065057,26.16485307906747,56.42855535070425,13.72142031753177,2375.392799056883,1
4,1124.721461275553,52.0,2275.0,28.90423069222967,31.465134638898167,46.63696224848097,10.892441374488076,2406.2167585776865,0
4,1792.602724367529,4285.0,2275.0,20.016631820084232,25.261832409509374,62.983834189761495,13.128808236519253,2294.925716342894,0
4,325.430447198456,4075.0,2275.0,-7.569476026841201,16.308650940104428,72.07209828332024,11.625618744332352,2198.394231499998,1
4,2925.7449422318828,2264.0,2275.0,24.849178271852406,16.284921435519138,56.49646097841755,10.528023732276306,2053.386577807757,0
4,2960.0111589908483,567.0,2275.0,-2.7517508415192786,31.17419475437462,51.48998332892481,14.045229476555535,2337.258851983415,0
4,2124.6689706572606,803.0,2275.0,14.333662379285723,20.05394343522467,58.27732037798446,9.23055809377395,2200.857203743057,1
4,1654.6794623979492,309.0,2275.0,3.932998650457316,16.565138763402082,46.45088133146343,14.41057195281254,2291.0296911217797,1
4,997.6300872303505,309.0,2275.0,5.6226749652874854,25.183757981556486,69.61462753440824,11.768864787748406,2161.2663490973678,0
4,2460.005557150151,489.0,2275.0,25.32485950081019,25.602029230934523,69.7902243285056,12.823208860849682,2250.8633838172113,0
4,2085.7204004062496,443.0,2275.0,-10.803874396317958,26.024581942017697,62.64001390288885,12.956123533234695,2278.0684339959957,0
4,571.5891241001848,489.0,2275.0,48.90390148553866,19.545834473578203,55.593086668151685,14.370706444239218,2299.442015875031,1
4,2741.6888350321433,135.0,2275.0,-26.421721385889924,15.256881631646076,68.9935009333735,12.820018093003243,2173.5511809509303,1
4,2485.35800447719,483.0,2275.0,-1.9533536650971417,31.405261280726023,61.64061074365102,12.68360150856037,2383.918896337283,0
4,2854.4197485465797,167.0,2275.0,17.40423779883482,19.26518177674874,69.77796925650048,9.39991224336414,2220.6825745893907,0
4,2204.586574326244,225.0,2275.0,21.686283328706196,26.492446896893306,63.94376377749062,12.110448131671225,2122.6232790987547,0
4,1878.9040682137907,48.0,2275.0,7.990485588565897,27.012707787938062,68.53216419638392,9.90101400490225,2265.0788687833247,0
4,1312.9048052427947,25.0,2275.0,8.852185939969152,25.370126090351256,62.9568897965328,13.424602612328913,2278.1281531214076,0
4,2804.9126017266385,5978.0,2275.0,18.21100170655233,20.31942570163202,57.42423204646999,12.073331524876046,2289.61363841863,0
4,2611.585279551184,1692.0,2275.0,5.378610450846394,19.608636313989116,73.73837579778413,13.08136667525012,2398.954048735342,1
4,231.13414330794927,1110.0,2275.0,37.86362515869811,25.160360805945952,61.23341474636534,9.250037403614305,2253.4831558570368,0
4,176.46422604203082,1645.5,2275.0,26.786982284632042,29.723625771398755,63.152685556216156,9.508752096274819,2264.1146141824415,0
4,1191.7437639463437,2684.3,2275.0,27.456487020112693,31.094473391697726,51.61462918244248,13.297940328376093,2174.6102213077884,0
4,2450.6046592673156,1401.3,2275.0,-9.323134467408341,16.800398674863878,63.769523682818296,9.43250601599204,2349.6703687627987,0
4,2963.100775013339,751.2,2275.0,8.412231511885942,17.632086414161236,62.14822948448831,9.427540366591552,2291.7721248311072,1
4,536.2089842002317,273.2,2275.0,3.9906810255859257,31.060516399312355,50.54515193841075,9.072650851409325,2236.7774768162312,0
4,1822.979074521192,946.2,2275.0,-10.112027513789315,27.521098881691472,46.78761292059431,14.739008389796881,2101.6746028946427,1
4,1204.5834842299623,349.1,2275.0,17.20328367891534,30.01089502210614,63.13077959144313,13.425050156754041,2406.441509750013,0
4,2912.751753662349,969.1,2275.0,-0.7529151555963303,18.444754780300833,67.91076808050961,11.119508451012384,2163.281123234499,1
4,2542.1448770935554,2722.0,2275.0,23.10807659700474,24.988959808859832,60.702041127660245,10.779213487725931,2221.193701147357,0
4,2531.1532436622997,1995.0,2275.0,-11.403831257886633,26.91937310509705,51.80317875958937,11.098219378475097,2307.609350507916,0
4,1459.2101634054138,799.0,2275.0,44.38081225683642,26.561902052598533,64.99565930079105,13.647921187087091,2166.1132284958817,1
4,1302.976556779229,250.0,2275.0,-7.9266531718412345,21.938578744733867,47.40317179828807,12.968223666422485,2139.0906101789637,0
4,892.8805085990481,471.0,2275.0,14.386046744008722,15.261713158752244,58.25501114405864,10.111173407204808,2081.7207699742394,0
4,263.4889402876886,177.0,2275.0,25.837186207761352,24.90974296567247,49.9010027519526,10.044656012004506,2340.6107227144125,0
4,2607.6948911396544,86.0,2275.0,-1.4128086040022563,19.302726166053347,50.5337715317965,9.590373898280383,2225.3880517299044,0
4,2457.412926477225,133.0,2275.0,27.049372868659013,22.654322184429134,51.06881847474611,12.96181631820803,2541.381578415073,0
4,2999.1812525297787,41.0,2275.0,-14.583671956008324,31.278877256424895,56.60121171131934,13.586235973330416,2184.5136890275908,1
4,2990.2468275143256,67.0,2275.0,39.04235398365121,21.78360039992139,46.53450616861193,10.590278569950025,2191.1479568679683,0
4,1710.7519462476196,31.0,2275.0,10.282985299315166,29.276627313295254,56.93380322787294,9.125669766185476,2223.5492397040284,0
4,2330.0635040234806,79.0,2275.0,-1.9282281593775927,18.205190297737268,60.351223413441026,9.493030004858564,2297.1252536176025,0
4,2839.820616659041,20.0,2275.0,4.016364551451311,26.43182846642549,59.498828548989756,14.807160209070183,2232.2114961705365,1
4,2563.9774329644933,1630.0,2275.0,26.178385387854387,31.60911822546204,56.48352301209122,10.772668664864522,2330.722231474229,0
4,817.3094950552733,2650.0,2275.0,-1.6891058370087642,16.732182714839926,70.17439824212258,13.615338887028802,2185.9484565110324,1
4,1406.5779923992711,480.0,2275.0,-4.987153788455551,15.141439017862265,49.359800772615124,12.747981413125583,2149.275153619814,1
4,474.56230393933544,760.0,2275.0,5.569268048325236,22.370907474754443,60.17090231344122,11.291637837917374,2111.362458713771,0
4,2866.747979050295,480.0,2275.0,-13.539242255399362,16.57463321187324,46.86124250869663,10.234123573173331,2072.654750717715,0
4,1857.906439907552,300.0,2275.0,46.41087815883631,27.722533944495932,47.13467036633729,9.728318508956438,2227.85571922777,0
4,763.0641359600419,75.0,2275.0,-1.3278918242944648,30.547327285425503,62.215975490312886,12.6900778082332,2247.610791572217,0
4,2047.9319847769846,355.0,2275.0,26.632335723608072,22.3783565360489,61.98055274663463,13.647802683826729,2217.53923049903,1
4,1892.571897327898,210.0,2275.0,14.189401672955452,19.398097916642495,71.34100538533372,12.863425521246784,2388.149927544032,0
4,1138.6718822952375,250.0,2275.0,-9.690681009639363,22.384856423112367,61.7362102698022,12.18181279949495,2386.75074907434,1
4,429.31701737892416,146.0,2275.0,9.880905815745413,27.298612903450017,73.79373061214551,9.251707340589817,2244.53292814255,0
4,2047.562267219119,16.0,2275.0,25.680055586214962,15.153920746866307,46.46084545199789,14.810932665566302,2111.7531786995314,1
4,1608.8923326210006,80.0,2275.0,6.234773298273869,25.020717821239852,47.94023054342223,13.792285149927448,2223.4298351669904,1
4,2339.723336033354,83.0,2275.0,33.862258917020554,25.425958643085444,46.32197584711144,10.756932220205789,2220.4162531535476,0
4,1608.4741532247808,25.0,2775.0,30.430307855637277,25.840700197230902,50.5583055100062,14.879821976153103,2702.0580191871354,1
4,2571.3263509237663,50.0,2275.0,28.378297093166587,19.114375359674913,61.23810332825035,12.611289537817932,2211.5075797452596,0
4,1700.529832446008,400.0,2275.0,0.806864554540061,27.138896297428154,64.36716544282284,12.49453594924348,2215.5348764890427,1
4,1726.7201174526201,250.0,2275.0,-11.596848955629738,16.5536552676402,46.367554738460065,13.488439076577192,2239.824712953304,0
4,2642.2954477092007,150.0,2275.0,-2.271752107255889,18.387595719935614,73.37912669536797,13.870618728540826,2217.1657600077842,1
4,1270.1003120159514,250.0,2275.0,13.92481881333441,29.916990793126192,70.26496129951143,12.938871643989016,2293.9573482849287,1
4,488.64416250685815,50.0,2275.0,20.91573427064711,27.55829356235163,53.898374464712795,9.7685744781972,2307.7935531473427,0
4,183.46976130868302,140.0,2275.0,-33.43142809520895,15.23367441819287,47.31562590679404,11.029605035966991,2192.1312970663935,0
4,2289.898041453495,75.0,2275.0,9.837735967764994,19.222396426286604,50.09661219657172,14.568501841956298,2390.6669446666397,1
4,1898.8976989250475,35.0,2275.0,13.16178450646369,18.644910210883797,48.80833241264918,10.347693671063112,2185.814330532504,0
4,2141.8313274877482,10463.0,2275.0,4.449114873688968,19.603707576628533,48.69851337896841,11.233002143025079,2127.780144142804,1
4,717.5960683758411,3979.0,2275.0,35.82547678031758,19.208516094758068,60.556850659972014,11.592461297665176,2309.6508044942198,0
4,495.4772792016323,4324.0,2275.0,18.43560148501742,16.06294702762838,52.37542327480201,11.636429938166714,2200.615859768295,0
4,142.1795304368576,3436.0,2275.0,36.20383816161794,22.801988782145948,55.74419149587433,12.677637494967154,2304.2375238389227,0
4,1116.703920539131,1820.0,2275.0,5.680789592995356,27.456469071364808,74.68516000152968,14.658455026468246,2056.266157299852,1
4,1810.761291878436,1385.0,2275.0,28.7495498501385,25.31443932019642,65.52942746776034,10.44415627099503,2401.7134906749593,0
4,1237.5077307892236,1851.0,2275.0,42.70132789055039,26.438818366167357,73.46942001141004,9.729008257805509,2336.1787001316766,0
4,1368.6772738688144,621.0,2275.0,36.23386898545322,16.379536035116065,49.27669665099347,10.184822939159623,2138.4566340261667,0
4,2722.0602140318706,854.0,2275.0,-11.842831868574663,31.175342073005382,56.464184244977076,14.321549401255616,2140.431281729988,1
4,1109.9408543675709,1054.0,2275.0,4.9264784491523805,29.25436117533142,61.64195409847063,12.874864875931236,2427.176197272875,0
4,1590.5695185634513,153.0,2275.0,3.0967058910040715,28.686535414426267,47.30274185666214,10.71544073543496,2207.8984287816857,0
4,2372.593736949315,348.0,2275.0,19.785090701526553,28.99072468571005,45.12562330883873,13.895681633811703,2199.0891787653313,1
4,1249.9740687316835,336.0,2275.0,23.72707110029066,30.856078638256943,65.11303001390752,14.168219978180616,2068.7892594324153,1
4,1904.0514306608331,605.0,2275.0,-6.777853480514725,24.25231742393286,64.25458550404306,14.079086032141667,2243.0791832902587,1
4,2600.854755365561,282.0,2275.0,11.356770278338754,18.40479430374964,57.32366429998835,14.513559201837326,2254.2775150499465,1
4,2853.609808607162,141.0,2275.0,-30.398546643122728,25.4853213334932,59.68932228096098,10.51344612104017,2340.1098718060234,0
4,526.5130946942099,52.0,2275.0,38.8389001160378,27.628985392354963,57.46329001776269,13.53025157247767,2147.6838630352127,0
4,2787.1041129683335,137.0,2275.0,-0.24748481353387142,27.544595687018433,45.720151345346665,11.763236983644841,2136.6539019061042,0
4,1527.1372499306608,74.0,2275.0,11.11727879688994,23.864633410836962,55.06114818652387,14.05199131734037,2316.0375997646593,1
4,848.9087260669792,9.0,2275.0,3.8070057202387755,16.163798228670828,50.312467661918696,13.370944062969679,2366.612436481663,0
4,1431.4936930909578,20.0,2275.0,32.9205515002683,21.308919953312174,47.95272567304106,13.658684678998348,2132.0251360482725,1
4,2942.0944683278835,11.0,2275.0,-46.75012882794758,30.653032343877072,73.7016130166805,12.936971026086429,2373.417781853276,1
4,1528.5924725793218,11.0,2275.0,9.66779315348182,24.93563146587624,62.98079175126497,10.064572616818241,2278.416307575301,0
4,1053.3796698337737,159.0,2275.0,7.883624850046042,24.151643035347128,66.85968852709809,12.27016151338163,2374.354285855793,0
4,1936.8624775185046,339.6,2275.0,0.9272722481663447,19.57050974449729,54.460912297983526,14.90801843714705,2268.609947101897,1
4,796.4222944567599,495.5,2275.0,44.52453091271265,21.263631638581842,56.79441388482046,14.624328398982714,2045.4727095085966,1
4,320.0036515151254,592.6,2275.0,-7.746589177115425,30.220883515603877,52.10771981690171,9.25904241478207,2261.1709682092405,0
4,473.75119354088275,446.9,2275.0,25.435923544713223,26.32987180795621,47.90897012896274,9.988888894376622,2371.4730874990855,1
4,471.33293297754005,209.5,2275.0,17.12505577412167,28.385579454789656,50.37094912324751,9.790372640727371,2193.669112263382,0
4,540.5178111856536,111.0,2275.0,35.23038505071032,22.72387219215014,68.92542135889457,13.355879459911772,2239.6951878294217,0
4,502.59880068328937,78.9,2275.0,-3.343781695550108,25.714202730754685,65.32637415551328,13.90671197914167,2258.971851176861,1
4,1958.5367599293224,65.5,2275.0,-4.6593779824751795,19.22252134863453,61.4078662795643,10.281068197864032,2011.1442369319682,0
4,627.45224475752,27.9,2275.0,31.92139814954797,26.992834114819267,59.25269618600304,12.035116157710974,2427.0926293648104,0
4,1102.4351216392033,14.7,2275.0,18.506426166602207,22.269222672956733,72.67302850968373,14.0442181680672,2192.9748131293572,0
4,2700.6863887274344,108.0,2275.0,-20.898746933535172,22.523273751850674,47.18204843336005,13.396809268597504,2321.0219243550246,1
4,1474.4887567623298,100.7,2280.0,-0.7861002892654074,26.03847951780699,53.41802439713748,12.25342323295109,2272.092856383283,0
4,2035.917441710979,37.6,2275.0,17.727653076961218,30.916770564971753,55.49813560712142,12.542086142752638,2389.4433341287017,0
4,599.7276264847266,30.9,2275.0,26.755284430931784,16.088107892346557,68.47277436638363,12.05016328149768,2311.9511071409556,1
4,657.6381545451452,1.5,2285.0,-3.584613063859102,29.02063503489913,74.77543860485915,10.785290707912923,2263.527921582983,0
4,218.51898717278868,2.4,2275.0,-48.28511979633882,19.970512877007284,52.220115442714594,12.390131957154097,2193.6901265807455,0
4,589.9116829092773,81.6,2275.0,20.464463714740663,22.546630726608424,71.22922002411242,13.133311812300544,2347.604413825775,0
4,907.91198319268,51.3,2275.0,-14.406413798879516,15.372526589175152,69.91868281295373,14.239937495164845,2104.5168413401298,1
4,613.3304044025658,50.2,2280.0,-30.346775962448227,20.11778332318332,51.739721929253,12.81774812387549,2338.905206329161,0
4,357.23734789546126,51.8,2280.0,-46.64651849968281,23.544731124712218,56.979977405976676,13.566729222258948,2179.7671186581956,1
4,449.84402619174233,56.9,2275.0,26.279617203954825,15.954993314906464,57.29018607877558,9.960429809727438,2388.957813238054,0
4,1436.2584272949048,76.3,2275.0,12.57234900809933,23.34862739951381,74.34662005579675,11.76934484651874,2289.6782583823056,0
4,698.3677833767982,38.1,2275.0,5.4868723857549675,30.760880690593265,50.42675704136695,9.055989718962559,2333.61526287436,0
4,1156.382597039419,375.5,2275.0,37.78048725925523,16.79168470783269,68.97473913314346,10.480073187129738,2282.4609820580495,0
4,1559.910085479085,442.9,2275.0,22.74649366046145,27.995492377283576,55.0257814251933,13.358770290678029,2115.533684342169,1
4,2102.1450030251594,264.2,2275.0,42.326000854438334,21.964407907391873,66.92611037328481,14.95085970809618,2196.6736461310243,1
4,214.00520553918693,116.1,2275.0,-17.854709443339928,26.137953146913745,57.600330128869885,9.595068597523296,2336.187429722636,0
4,2418.2901568362236,116.4,2275.0,9.308987520920729,19.424022165748898,62.350792893496205,11.408965895167729,2290.165679379746,0
4,1920.9111295236326,29.5,2275.0,-22.334267498960287,17.71136846320309,69.97835319978392,13.800425812194957,2382.4700813828163,1
4,337.1011926517285,19.2,2275.0,5.412353362890656,17.72786444261085,69.12496694951652,10.224213807773394,2311.6979852363825,0
4,2633.378009909654,39.4,2275.0,5.027682924666453,16.198363075933457,70.99269550619101,12.330509695813717,2187.030127946058,0
4,2770.529961542258,50.7,2275.0,22.532272745261416,18.15599398332113,46.78851976033977,13.39842777617805,2202.558163467422,0
4,277.1260835791049,33.3,2275.0,10.911277622837966,26.291729544812462,65.76151659119235,12.695912701561074,2284.3654825376148,0
4,902.9451796268908,79.8,2275.0,22.468142765598312,29.988740401339637,49.19962130165288,10.128148407692496,2064.4219899939903,0
4,2437.983711399878,103.9,2275.0,24.068802662777884,28.84013665504975,57.47455704055233,11.132307412114436,2427.2832115916917,0
4,2269.953102112609,21.7,2275.0,53.09857354766284,26.64728326786623,61.457652451640655,13.702750706912383,2315.198953010358,1
4,635.1109561334943,3674.0,2275.0,3.694066894277512,16.877341677988746,57.082184542404924,12.3253590847921,2386.660148331447,0
4,707.1130376764598,2156.0,2275.0,-8.82045401332758,19.91618658703115,60.588350274090224,9.031377681257476,2131.1650413863654,0
4,1174.3690980950078,2339.0,2275.0,14.921672306328176,20.266716880481972,74.89578926395858,13.565944560168564,2388.2554295923283,0
4,1505.116657053962,1658.0,2275.0,-6.045600542790869,19.24926808875956,49.05651941138564,9.211868129641434,2478.066400903525,0
4,1892.9388374378582,748.0,2275.0,39.63921536873072,23.755096215065294,65.26368136009276,13.474402696387394,2154.800069660664,0
4,1169.84955475234,1021.0,2275.0,4.335639221095349,24.104414852954434,56.88002899156846,10.214883360991424,2345.1975633362426,0
4,1441.3506767861288,1238.0,2275.0,-1.3115273574798074,21.067061577908873,48.99029396721986,14.74844088071628,2275.1010049665438,1
4,2267.665720587894,805.0,2275.0,0.5736855769776419,21.014415698519414,49.762102901229284,11.207644507812507,2134.4565198094097,0
4,206.3812883827339,550.0,2275.0,24.368348469432817,29.08544516440338,73.4781931873685,10.961589698028474,2319.85244143852,0
4,832.0671385976602,806.0,2275.0,6.845060335370295,28.417978421434654,71.38804490135286,9.893328301994668,2350.8578916401984,0
4,2168.7137990652022,281.0,2275.0,-2.833336402607646,20.232529138572676,72.21125881245065,10.833625292941289,2220.297483707135,0
4,2696.099829292878,190.0,2275.0,43.30703835247062,30.534403545845407,74.7459832748216,14.259904570969203,2381.098403343225,1
4,1583.8645821354319,87.0,2275.0,-7.123396813235001,31.197855289042604,51.24946170025554,14.978006025763484,2123.324529982183,1
4,1643.1291072694155,412.0,2275.0,10.71132148065987,20.554623214510695,55.66318012092185,11.209857183041091,2138.9771906730825,0
4,410.7988328853506,261.0,2275.0,23.04612303220461,21.025224129481934,65.076570897746,11.691663785727256,2287.430362998576,0
4,1397.4958637880184,152.0,2275.0,-22.626702208341463,23.5957806081733,59.51407619581941,13.332425629216422,2277.310060295477,0
4,1644.5900727195672,55.0,2275.0,19.6052100281185,30.99905381307245,57.55168600135001,14.317174682790448,2209.7918125534065,0
4,803.164460540716,74.0,2275.0,-11.10215350960899,29.897430363419296,55.73433748006779,12.558266005120705,2348.673093673441,1
4,880.8053697532048,91.0,2275.0,26.455655616680048,16.743655363921025,62.813418958303565,11.349154189066976,2323.3113825936516,0
4,1194.1240730034058,111.0,2275.0,-9.253020238379527,21.676422635614074,62.26780285920246,11.475731045091742,2353.0906554549956,1
4,158.20647355540646,15.0,2275.0,23.85538063697721,24.407310225746123,49.8437350219272,13.173708878980841,2263.794584382944,1
4,1034.029580191217,100.0,2275.0,32.116661325894256,23.553252033376182,59.15219512555317,9.019309581625672,2329.834804386029,0
4,713.1992202899795,79.0,2275.0,27.2287305126561,18.295672154927175,61.6041532862955,12.717536024759044,2234.4458224242703,1
4,1049.7423213159525,23.0,2275.0,15.026332964762048,29.59988510985863,62.10860816194172,11.132958062648145,2461.89750079788,0
4,447.31018227582854,33.0,2275.0,5.373981141406011,26.507993310946233,51.303215787370554,13.765183987662505,2201.058334918899,1
4,2682.5291141456955,48.4,2275.0,-1.5283915266968773,29.244442372480663,67.26814176756861,9.557943838938794,2466.5820660807067,0
4,1821.4181153067411,35.25,2275.0,39.42069381634208,29.59899274894103,45.75597284463209,12.529213601690344,2278.174803185136,0
4,2069.39672551902,2269.0,2275.0,-3.9899044033528632,27.722049512317575,55.64495566629488,11.885837339316742,2149.8285090492445,0
4,2388.596591961281,331.0,2275.0,-10.741321471399921,22.466580221245195,68.406379456069,12.853953155431364,2399.4952208944624,0
4,1545.482376894266,1225.0,2275.0,23.3073787006566,25.379294835262215,61.916787631662075,9.38912156689781,2286.4570263439414,0
4,352.06883545352866,1721.0,2275.0,-5.922736063729907,17.726211904035633,52.83487297532581,12.479902724568788,2352.452292952602,0
4,1657.6089712737885,721.0,2275.0,-9.001269949322545,26.45197209707343,65.84859358029144,12.368907527757141,2386.370888587376,1
4,1801.8392422605496,595.0,2275.0,-18.872085243395297,18.04730534756777,62.0217283246822,12.363960566497026,2305.753955427197,0
4,2261.774475134557,440.0,2275.0,0.3418032107896458,26.797143038672665,68.88730828369162,12.620925999578729,2221.106083122034,0
4,1351.8126840660702,56.0,2275.0,8.345699522070136,18.903168732817466,67.0507555856947,13.058807623358174,2363.789917367902,0
4,469.9828781071349,563.0,2275.0,14.861834553213976,16.998372102553738,63.30323766108704,13.829933998084618,2275.0687511783685,1
4,922.950126816301,158.0,2275.0,29.026124885989667,17.809836332430276,59.645330259324425,10.618924320769286,2337.4130614933665,0
4,1152.9386595560418,159.0,2275.0,20.537958473315875,15.033866298724195,48.9954637700257,13.950296461080372,2079.010517784977,1
4,1973.1599998616437,513.2,2275.0,6.182555608936404,27.218573503510015,52.839990536561515,11.989534093580723,2315.6753362478967,0
4,1755.2570835398444,260.6,2275.0,6.036086472405602,27.450817833992446,57.57298418751256,9.462349674805987,2216.8886899118024,0
4,1132.680505103754,171.6,2275.0,20.20314937830367,23.753866948525413,62.97897861019166,9.351305575463876,2425.451176983246,1
4,2960.894221499641,114.0,2275.0,35.45140325857139,17.743167617941523,60.41123565645914,11.005429912176364,2331.7009486579077,0
4,1856.7469761349728,100.3,2275.0,12.526283989664003,16.420423737681727,53.645535778785884,13.709381862668806,2296.827054872286,1
4,787.957696034384,43.5,2275.0,0.6173829157918203,15.32519242943388,45.19393073369132,13.246085608445494,2319.25420939487,0
4,395.16917059917085,114.8,2275.0,-9.857320021710908,17.81771900840875,59.88717665702442,13.731689788034439,2184.1418823882186,1
4,543.2915036345629,145.1,2275.0,-18.90410528824451,30.144544094713495,53.56877965686729,12.103614338649656,2422.7163588380527,0
4,813.2774123150735,28.5,2275.0,23.325393440870464,19.10612630892859,67.03824902131605,11.641193987732944,2456.2147080759382,0
4,565.9759824527114,31.1,2275.0,21.559570472791144,21.022612562692665,45.718387958114505,9.884715160237704,2310.7551294598875,0
4,641.0443697487867,30.5,2275.0,21.54727050213323,16.790873236182662,62.544834339173725,10.969156521655869,2419.726724740201,0
4,926.7759892121566,24.3,2275.0,7.426811072958882,18.780142180718894,73.24422712518196,11.60411619704325,2223.2075139207996,1
4,602.7834263547891,9.9,2275.0,38.13869491783501,23.826817703263487,50.23227801334499,9.531602578077703,2202.4626654735266,0
4,2700.619731416633,300.0,2275.0,0.31763010830364635,25.331795612626095,59.14948472251786,10.323671716267267,2278.7241521343317,0
4,332.6778624187624,574.0,2275.0,29.10538474414411,19.17098934082559,47.74265975451414,12.589351764382432,2314.579634491479,0
4,1621.0830297537386,300.0,2275.0,9.225142100209139,15.981446706826993,63.77045736784058,13.41397868543514,2239.147212006876,0
4,1290.1507982700184,1688.0,2275.0,-2.1670152935867506,21.647558775165777,61.51595041788677,14.990085068357697,2323.936905323532,1
4,2948.8979890349588,100.0,2275.0,21.850606146355226,18.981457305747682,57.22096572638497,14.598679988061345,2302.881442868681,1
4,424.9128162873518,142.0,2275.0,18.192722373679874,18.732416694906632,60.64131064421224,12.85539119721115,2184.154083448514,1
4,1253.7812372326507,100.0,2275.0,17.139455185338523,31.31766764612874,71.89723975407031,11.527488319764432,2322.210164588106,0
4,2911.4642564985697,35.0,2275.0,11.625568441123974,25.47710826073731,50.88882906933201,12.817064188249397,2353.5810700694583,0
4,2609.9706650925427,106.0,2275.0,9.242138365663383,24.46693353392563,45.67693535116042,13.713909708481392,2290.6037079007256,1
4,2469.509005752912,146.0,2275.0,57.767439857408775,22.068176759896474,70.84994654097304,9.710017145540323,2379.8909773968144,0
4,847.9181984303256,28.0,2275.0,33.68513290392346,22.29205366831245,62.313512471637196,11.45942933817773,2164.2162547917774,0
4,595.5740034311909,177.0,2275.0,24.45653789971024,24.195385065247372,71.71975366385527,14.038813713813703,2317.5834884139986,1
4,2039.0653377808499,3945.75,2276.0,12.235983164067765,26.839306719613823,62.90835670239518,11.302997711598264,2169.4576444896375,0
4,2795.1903684699987,3957.55,2276.0,30.143144011933384,26.9364836350911,69.30483269879107,12.43123362736312,2174.57403314646,0
4,1714.6123897403963,4487.9,2276.0,20.35989552782904,17.918796430992643,57.890200900654435,12.52661616517319,2218.560056896512,0
4,1757.6767994627096,2373.25,2276.0,10.524095055480712,23.501916785302658,67.49579793864807,10.106857518801837,2190.234840887401,0
4,911.9393716148242,5095.3,2276.0,3.9287134946816993,22.003287615579733,72.39124400669567,11.17341264991373,2226.110460661807,0
4,2331.529506256617,1560.15,2276.0,8.381653246746236,29.79895842657953,62.163688911666185,11.007067732451592,2256.5037557128535,0
4,642.4268708168178,793.25,2276.0,-53.40851471756111,25.734121660712397,50.423554516871384,9.157180251192388,2352.214544435609,0
4,1038.6697855723066,1262.35,2276.0,14.212016785952835,24.052569129071692,53.06392845090595,9.145150583348132,2246.761681116233,0
4,1333.7656719876086,411.6,2276.0,0.23047839779280643,16.961708917041594,50.95933730692217,13.990182262054642,2131.644635655696,1
4,1572.0700981849195,279.05,2276.0,41.85339996565768,25.295844118497996,52.405710827871985,10.638424859836874,2379.79177674492,1
4,802.9882240037327,173.45,2276.0,10.386881416235086,16.99246639656397,54.19246348053109,12.108472597432893,2199.791314235687,0
4,433.02679174369024,74.5,2276.0,-13.779268390699237,20.732511784617785,61.654013602595654,10.792353441532638,2270.654092316395,0
4,1870.7981230807345,183.95,2276.0,9.002396917437647,17.428313401843642,62.63974888391498,14.644075470692043,2316.652683591882,1
4,937.0286043967417,79.65,2276.0,-10.922421701250084,26.76525199941427,57.794992417255834,10.555780553194642,2294.1725324913896,0
4,1785.5908421255756,71.95,2276.0,19.468148314249326,18.506285935214596,63.46262339462506,11.57794087643361,2375.614106006355,0
4,547.6518742951866,55.0,2276.0,15.818947286789708,21.661609344196442,47.44724776834098,14.236381502907612,2319.6084461744767,1
4,1495.3062953789706,26.0,2276.0,29.15679262216535,30.226471219519237,47.6336471117448,14.051601400750851,2197.5863758643754,1
4,1644.509354399599,5.0,2276.0,-5.817635833891309,18.473378517782496,50.15488381072976,10.116608507077665,2474.3363003202007,0
4,250.28825678503804,37.0,2276.0,10.680161924562936,23.632686087299245,60.54232494121034,13.815859858774262,2293.6921185023125,1
4,1076.1524067623695,22.0,2276.0,-17.300435908532705,22.127618239822375,51.41984036094941,11.749121320427356,2262.586145768378,0
4,489.8025631230253,24.25,2276.0,24.02989563849429,15.308108697777406,53.49853210477732,11.897813232512132,2363.7557705149793,0
4,283.78741437102644,11.15,2276.0,20.37742360880244,28.476887930737817,57.00938508518982,9.800879834495662,2298.7100141174737,0
4,2970.884673930841,11429.0,2275.0,19.916100420551416,16.173780407348197,69.3559837203114,9.483609082542747,2311.329765557479,0
4,1034.8261504266966,9019.0,2275.0,10.032380627138823,23.06233535660821,45.415864077385805,13.367635841842592,2501.7887438726625,0
4,2448.635892978441,9145.0,2275.0,18.29545781577582,24.531531013962148,64.48136460709867,11.978766914131798,2249.963950028791,0
4,838.4578988149152,3605.0,2275.0,42.08678216617193,25.68324976244798,65.06629593122057,11.621104215691076,2246.083758644417,0
4,2076.3578944493947,2263.0,2275.0,4.298114859159721,26.706737698233887,68.9596734106991,13.377049371914381,2285.6086445931346,0
4,2304.660793680091,296.0,2275.0,12.77290367420169,19.305630519886158,72.9825881718094,13.593077393946658,2372.5079501378746,1
4,1827.3523477627484,1762.0,2275.0,-11.722525983628195,15.16963920319364,45.604135468478695,9.953449006016122,2137.9054032526738,0
4,1467.5709467954593,369.0,2275.0,-7.365219231966648,27.298542260033503,49.61351116539649,12.661350896865848,2096.134413875638,0
4,1294.3386510270786,517.0,2275.0,11.956265861866148,24.106162188908836,71.58513882167979,9.812124493666113,2221.5725103735667,0
4,1111.7179729746863,369.0,2275.0,32.07867093403814,29.21400095452323,58.75555686561046,13.508250516174275,2126.3130107256047,1
4,2795.634518318695,379.0,2275.0,4.874383514968551,28.963602169311805,61.93771916800391,12.941730937602838,2236.340347375167,1
4,2508.7962825844147,280.0,2275.0,5.2816694137575215,29.336544852394013,64.89081611169442,14.739687726500748,2320.7274723477653,1
4,2898.5780409328863,492.0,2275.0,1.8622951099125054,23.246609219652182,65.37199813486912,9.413748098138527,2193.941853416744,0
4,460.4619481080797,230.0,2275.0,-0.6951334168864616,20.671682729226717,72.95221209949524,9.342328326907525,2145.158781512898,0
4,2219.515678090568,415.0,2275.0,15.899429114176431,28.45648944405329,74.90848252235008,10.693122448159201,2281.3096817160967,0
4,2821.18732478101,391.0,2275.0,-19.94515290357289,22.671999921497335,66.60472382792821,10.570234102415435,2353.4914570999804,0
4,625.5758918804145,226.0,2275.0,35.61879153333455,18.118517338858386,53.61663627615452,10.481872794431998,2120.7574170949883,1
4,292.8391753636547,156.0,2275.0,-3.308445962589211,29.534558332545064,71.3925720688303,14.437527483126221,2349.6411482458448,1
4,2249.249882941171,124.0,2275.0,24.43806970876283,30.003517905129904,46.47662743622285,10.497277199097036,2349.374864540188,0
4,1765.9720282217445,161.0,2275.0,-15.399971947877518,22.92726585438289,51.932425586234885,10.631698356771786,2361.821744296253,0
4,2541.3034525989888,50.0,2275.0,23.376802610924365,16.286895364266385,71.92157152391144,13.556389574507783,2385.8816995533234,1
4,505.33989221623955,25.0,2275.0,23.43889215628995,21.59304352858783,52.68574543318065,11.69843905470324,2475.3832671440255,0
4,2406.2752043936816,12.0,2275.0,17.68404144011793,28.660140210864256,51.61953178865245,13.660263341731088,2242.5956235756657,1
4,684.7192281384591,24.0,2275.0,-9.888570435995845,30.330158485285885,49.143758794207415,9.392196945386312,2284.971013787085,0
4,574.602234310543,2.5,2280.0,14.99096379196154,18.45903662245913,70.77335272940749,11.925427162040306,2242.02081488778,0
4,576.3708139998796,5370.0,2275.0,-13.661123694687781,16.138551404429617,60.0017477757326,9.201681601099695,2275.179892872779,0
4,2462.266688671008,427.0,2275.0,4.944734898076293,29.914957703258256,65.24679609162465,9.375919220732127,2414.491475362904,0
4,2029.0719400189803,2693.0,2275.0,30.58826201910652,21.61988396264088,52.17199152225089,14.438624720066466,2152.603681962309,1
4,1616.889731830446,2126.0,2275.0,25.934038541414843,24.209936392548578,67.74121263033649,9.835472226705571,2196.6444798329326,0
4,1140.6084039581572,600.0,2275.0,10.303658850808663,31.4571188048629,67.80016634886296,12.194524093651303,2400.3234652219153,0
4,2643.881568358014,50.0,2275.0,-9.496131518456838,16.13160037454179,54.377940747249006,11.46657361560424,2367.8233221280902,0
4,1238.0908115256427,1973.0,2275.0,22.91175424348387,26.021406126685626,57.32047899030849,11.084059957553055,2241.955020139646,0
4,2468.1383744675736,625.0,2275.0,10.387624753960504,16.25979218377274,51.29070832290603,14.399000074123634,2352.7505821019854,1
4,1373.4912348536334,700.0,2275.0,-36.40631196460846,21.382971783930508,74.29683069968712,9.130940380652937,2306.050641666775,0
4,1193.138845332232,798.0,2275.0,25.652596526330363,28.664847268288597,64.36807731175234,12.982738117053534,2411.52498941909,0
4,1441.7713784418586,433.0,2275.0,9.515343322606157,22.369027956845784,73.03631642146547,14.780366605281301,2281.780373038236,1
4,973.995835076012,173.0,2275.0,34.049024959661445,31.95210001635016,54.101566308874,12.361009100771051,2368.332522362405,0
4,2268.067202511128,775.0,2275.0,-11.905410376856093,24.504007844092236,68.45672738990669,14.62093477219855,2515.4230838548283,1
4,1557.8891312681894,169.0,2275.0,-53.534076263920014,20.45975659481121,67.97575931654225,9.313547275716143,2329.427023109319,0
4,773.4168159257702,1132.0,2275.0,15.581677166903702,18.741892540380803,65.74966955599625,11.512759914444969,2279.4888630873306,0
4,2708.7662624962486,458.0,2275.0,15.831273533639454,20.958849082864752,73.96916925800402,10.560946745772307,2340.7426756551095,0
4,1213.2845419823132,516.0,2275.0,-23.813432552129036,21.333065653912364,56.80666008318947,13.38492578988438,2241.7594419034467,0
4,1676.3032972305668,147.0,2275.0,-9.569990917332127,16.168132521307335,48.92151970769272,14.88778254298348,2492.3050612027505,1
4,2728.769121797186,42.0,2275.0,65.10435487439804,21.282761390255143,65.15126577732183,10.539180374665486,2291.3864644303344,0
4,1910.290188150577,195.0,2275.0,3.887787716923933,22.892054835566825,66.87929401431619,12.925047608844448,2250.1630678594784,0
4,439.0043180542558,109.0,2275.0,24.619179527524324,27.28654178805968,62.25181720376444,10.18858579655844,2198.952300543177,0
4,2825.513158479078,208.0,2275.0,-3.0131965473676736,26.164401240267335,51.20453679400189,12.39198152742966,2374.847037436186,0
4,1920.3533539071118,122.0,2275.0,-31.806057977063134,27.049016138895624,60.13367825008066,11.783594920130017,2353.9140545673245,0
4,1071.2262825055498,127.0,2275.0,6.59483506408189,15.14218259190657,54.36569209707388,14.832031977789223,2229.7407522013173,1
4,503.88901072382305,110.0,2275.0,4.687908794277896,18.700345792869115,57.823995845000674,12.651163636178799,2327.4570724061405,0
4,2402.6730488838584,255.0,2275.0,2.0024352266325707,26.24863290279756,64.35655727533992,11.097038232520912,2137.72140689263,0
4,1898.2109921926892,157.0,2275.0,7.707183289872151,23.2278192590557,67.35644228072503,9.6845747093276,2291.8323223316575,0
4,1647.0371667313325,20.0,2275.0,15.28536543291273,15.090329086361882,51.966740727040296,9.907480972409607,2316.200828038979,0
4,2692.288490847777,40.0,2275.0,6.9976609749238685,28.67640892134098,57.1597608194086,10.35190157970741,2430.367012669889,0
4,2386.9319125511392,100.0,2275.0,-15.280123358947275,28.137762745935735,53.074847129748875,10.505799968041789,2204.855488951689,0
4,539.8571512249785,1630.0,2275.0,19.72369583123878,24.323125770890563,50.95894841585607,14.103696347046828,2158.6699107789887,1
4,1003.9939966070899,1990.0,2275.0,-28.987435106448466,16.129876538196626,68.50161659987515,12.36733672969515,2193.5160555558214,0
4,820.6185054619507,1630.0,2275.0,-31.007149145684004,28.03075584205394,72.27758083310977,12.140345468246199,2153.3722664713423,0
4,2257.444248460763,1427.0,2275.0,24.783609894031358,24.923130991433187,56.1069655705373,9.688613231215305,2396.635819556068,0
4,197.2440607337602,640.0,2275.0,20.140405442707134,28.293319611685305,67.53836773121301,14.16083816009661,2415.926175847187,1
4,1752.680086126818,530.0,2275.0,8.85209269851928,27.779698870729288,71.90985868093233,13.336885819250902,2304.1397085933436,0
4,2311.1301886480023,400.0,2275.0,-17.908970095101438,28.65103522328323,70.38372631590696,9.406010171400009,2386.1378400573485,0
4,2642.6203466090733,269.0,2275.0,-4.158218813481508,23.80613712887862,50.48440165617678,13.247010583378612,2287.1902126328014,0
4,1092.0370712761317,369.0,2275.0,4.74506504626992,17.385516809289754,73.68875644540084,12.261229304055878,2266.34484005923,0
4,2481.646183548837,78.0,2275.0,-21.917879371482268,26.409677047454707,56.30029321288387,9.49035207448067,2244.6935766661077,0
4,420.83203717010093,19.0,2275.0,-4.780573160464659,25.5480543458835,55.17721983521509,11.74980384917194,2246.7544197846414,0
4,2554.7116460301027,1911.0,2275.0,23.046606763533596,27.61830418238448,46.87293981833341,11.908177722780282,2134.1500583758784,0
4,469.717120762749,186.0,2275.0,38.54610728578433,17.8879771028625,59.58520962314649,9.994647240979655,2299.047183488268,0
4,1252.1331426250651,1267.0,2275.0,1.6113049468289873,18.314578398304917,48.27040846922786,14.674188882001694,2271.329614170522,1
4,2412.1565607607054,256.0,2275.0,25.12976708632197,30.136961792728584,52.45619462782278,14.099852228883972,2342.827825891087,1
4,534.760539311444,270.0,2275.0,-28.281201411749343,27.7496225736852,54.50827865301844,13.01413402397465,2283.5106381759133,0
4,764.8290461746603,1595.0,2275.0,23.18902482227223,30.439884307905487,69.26478970475051,11.773773366003644,2260.1939631572127,0
4,2194.532448339892,2000.0,2275.0,-6.078968294549622,27.898160459786652,71.2646595118769,11.47059324950705,2195.7214342693055,0
4,2188.105955983616,1187.0,2275.0,16.146912334159403,25.151640201835132,54.07398952384409,12.905840802905725,2281.56594455078,0
4,1959.3281353673622,1334.0,2275.0,5.044951635205815,26.120256529473853,70.76094363733722,12.272591216441434,2342.179588004271,0
4,2112.45048895459,1480.0,2275.0,36.40828019567668,30.11517470698017,70.71692812109373,9.373638635291314,2170.9561518113687,0
4,1673.900885708029,775.0,2275.0,-7.488712966798364,24.839714826702988,67.9395285115462,12.075015892621991,2282.9601115849473,0
4,830.217270830163,630.0,2275.0,22.552125951236622,25.750652513582587,49.40085342045545,13.838421703397037,2296.206908589183,1
4,1102.5183811613665,1500.0,2275.0,4.40985073406933,17.66010417206121,65.70968540702187,11.75543926558175,2209.656104690738,0
4,626.6333787241344,1500.0,2275.0,6.833890439806725,23.056660741973744,73.35072193741706,9.31173946532561,2221.505076253372,0
4,2734.506627867522,300.0,2275.0,6.322922136815807,27.178750903287682,65.47621436301472,13.717669196304199,2295.9855872377257,1
4,1791.8362048217493,600.0,2275.0,-6.913462089882259,19.60602587137821,54.948505473235016,10.208182692815846,2171.858687335371,0
4,1262.4691086145556,400.0,2275.0,9.718020681866568,18.438321068917094,60.01737952292494,10.551725009328234,2306.8430580876948,0
4,1439.8168305679849,340.0,2275.0,8.74703555756357,20.335055739815065,64.37175130053161,9.988238120593776,2193.522751997013,0
4,2847.1216848742642,14346.0,2275.0,14.824804968134586,19.10551067587817,60.31711226185511,10.981290389228985,2371.719686066023,0
4,544.7190690366326,16379.0,2275.0,11.690102913857253,18.65351482961873,48.598588251929094,13.54050903413181,2487.7423248303353,1
4,1800.066512848712,10059.0,2275.0,25.959890992244723,22.22246432875748,54.361921339560624,12.116315157023624,2196.671131045134,0
4,1567.0771687649512,12368.0,2275.0,28.470172320947373,30.433254736020082,69.07188091660898,10.229287644904275,2323.6129154760956,0
4,1873.2172827604786,9129.0,2275.0,-11.012466436556025,23.62001399455821,70.84254138286552,14.266980468912244,2208.866486655736,1
4,152.51953308043747,8652.0,2275.0,27.37545001181542,18.19464647386049,49.11900098146711,14.277491129709176,2369.7268298155986,1
4,2629.1593359380395,5370.0,2275.0,-13.726728542197087,16.308518379474858,73.57160257196173,14.22347055027604,2159.8614847732456,1
4,2803.143019202476,20.0,2275.0,21.757117762754703,26.834654467344727,54.86467853545828,10.432777268289236,2318.733395016922,1
4,1738.8862324087058,110.0,2275.0,22.394775694057373,21.507578995418594,64.8694121619216,11.707436065085929,2195.558004013069,1
4,2120.2873892429875,30.0,2275.0,-28.226337833250085,28.971126091951106,67.55475437870044,14.90993793684525,2256.1644023920485,1
4,2775.2482054141574,100.0,2275.0,11.859584930588193,26.211683066893094,69.3583870391365,13.632074857859942,2181.176699961595,1
4,2150.992039508856,50.0,2275.0,0.6300777327936853,28.536104659203264,73.37249106677791,9.163004527353358,2349.8338928515136,0
4,542.3632244513578,100.0,2275.0,-5.1753051587074985,19.62308267011363,54.38758644086468,9.391227547562952,2198.834787745998,0
4,1771.2362444837581,100.0,2275.0,37.01704661398011,26.770101681837986,70.75519363654664,11.783588260873996,2325.228747599196,0
4,1859.4736345102822,150.0,2275.0,-3.073582812748379,19.48905373979322,48.95060710308621,14.455321235169361,2243.6870794281276,0
4,1329.9789467769194,340.0,2275.0,-6.127538582360998,30.96416415065496,66.15122719060778,12.232210787716285,2264.5830141663037,0
4,2235.688283311696,370.0,2275.0,11.513898800101869,25.818362786067365,67.25933188541958,11.986875048205741,2288.4457875734115,0
4,2809.664342830143,115.0,2275.0,23.711794925968327,20.516700602980816,65.33169723603962,9.632842199739784,2205.6739548790447,1
4,2784.1486874296515,194.0,2275.0,7.167028279797462,19.581701658968633,52.569442084054586,12.940680628345763,2294.1434073322207,0
4,1407.4341770719832,236.0,2275.0,33.327410913385044,18.24575194621794,71.1912944104561,13.932618963601353,2414.2604453562517,1
4,428.3903329381902,161.0,2275.0,20.619513239281808,26.80889630119337,50.06575390111185,11.282520045045374,2204.193374489223,0
4,2956.0394769907703,146.0,2275.0,-33.564226394628605,18.718165420964766,46.60904374562492,13.653671105551965,2381.6347230379197,1
4,2532.8044506932088,146.0,2275.0,-0.5893392701401652,25.120155520767312,66.52394971835736,14.786859923404869,2411.3268846473884,0
4,461.52177548947384,13.5,2275.0,-1.23684198703398,19.498795457731074,59.26427145698201,10.222598754766135,2200.729895998448,0
4,2770.4414595903795,93.0,2275.0,19.587219068588446,26.253472061495764,70.47294059876029,12.139977787168448,2142.59003093676,0
4,2622.699449980172,35.0,2275.0,-42.49634112748224,28.853975385189166,56.50191423174777,10.722827748507454,2302.478441915631,0
4,1604.6303656656091,400.0,2275.0,60.980194174354445,28.226429133459103,50.048357655231385,13.757126514203037,2225.1859154282147,0
4,1814.6987636602948,500.0,2275.0,20.620521897884203,27.93447262582329,70.0932657740961,12.465560195286944,2445.042892943833,0
4,1257.1078412233778,100.0,2275.0,12.977536078353822,18.191280896768284,61.46728894920215,12.807494505301822,2278.1674861854844,0
4,258.80875258389085,250.0,2275.0,33.631354328382926,16.50254409873682,50.67587377171065,13.787484957695364,2201.9998538687987,1
4,1072.0720007731127,50.0,2275.0,56.873081056252495,26.882130084285556,66.61151995759337,11.375822835974729,2170.608484497934,1
4,2428.275000934233,100.0,2275.0,27.414932891768064,21.261902634503972,60.333409154685015,14.490540410442259,2374.1813512772655,1
4,113.43286671334829,164.0,2275.0,28.9762619294324,22.349885848856903,63.12938946720959,12.19817320347684,2223.022258358339,0
4,1067.147597904318,6012.0,2275.0,12.613800489287646,15.529534577487649,58.826950146197454,9.947728937012087,2278.988420750899,0
4,1254.6892114137356,2413.0,2275.0,7.169484932661034,19.412799637675835,69.8612695145402,13.175394709012814,2361.978049805236,0
4,1658.4472485199763,2888.0,2275.0,0.4840911199019775,15.572498865865889,69.88688147049149,13.759568102629526,2230.9324899742946,1
4,2767.5812875970055,1568.0,2275.0,-6.522239834290843,29.94615813422121,66.28166465473159,10.90057006240516,2270.8204765846453,0
4,1104.4033836612875,1426.0,2275.0,-3.740281993989946,19.137743614715017,48.16204132189387,14.143075541992518,2273.4922747061505,1
4,1106.1642854990603,807.0,2275.0,-17.011119286859664,24.47473188274114,70.16561585712206,14.4368595285946,2337.1825305479642,1
4,2238.75361951827,1375.0,2275.0,8.482570986299534,15.662648451239217,65.1303894159873,10.661426924266854,2328.7577345314394,0
4,1411.4320285804408,616.0,2275.0,-23.693351544527737,26.336405652196188,65.91072498012899,14.901128836291331,2254.9696504558106,0
4,751.3539865259477,721.0,2275.0,13.818330482874213,20.491464877819595,55.88948521211615,9.84426916829255,2280.792064596183,0
4,1412.0745967848109,580.0,2275.0,9.273387839153166,30.264626178280317,71.3783866847102,10.21209401041494,2241.1681099513626,0
4,508.4853591014196,231.0,2275.0,12.938705967733757,30.09800921187861,66.76114800704572,10.105349035428157,2140.5372709703306,0
4,611.5222608680476,443.0,2275.0,-0.44263140039984883,20.52994051214971,48.37771399587584,14.363938260047222,2298.4416780232295,1
4,1545.2665409444912,82.0,2275.0,71.53720740361007,30.316335226737955,57.23334103218488,12.925755313949772,2447.189450235809,0
4,1314.8838035631888,46.0,2275.0,37.20231800360626,31.93468044947924,71.59141085880425,9.912625699333637,2194.5815581971133,0
4,2753.05311309749,12.0,2275.0,-14.890850001694456,29.032066290107117,46.41590105092137,11.641940510210095,2204.6542964261544,1
4,1150.942307438236,4.0,2275.0,14.657361748537966,29.362812911838894,73.84249858926148,12.691788150418812,2195.7637727804195,1
4,1783.706215806326,37.0,2275.0,-2.1601228587464725,19.23314851385453,65.37487704958689,9.500784509936299,2340.937851863804,1
4,1933.566434966638,4935.0,2275.0,-10.289594534148279,24.803940780581858,63.941279329301295,14.294498210444033,2315.812176331876,1
4,137.97392410616754,2784.0,2275.0,-16.801441422478696,16.143350537445254,53.116777694639744,13.82162121264921,2260.5730699901023,1
4,2024.2583788484608,2867.0,2275.0,18.644333815185078,16.613604925968385,52.463753662175314,12.03124064145983,2191.460265390854,0
4,616.3043039222791,1397.0,2275.0,-3.627604701391478,31.98117440456594,73.26174658465786,14.802759691555023,2283.406288039233,1
4,2887.10392066142,997.0,2275.0,29.35652048050408,20.552867240240488,53.94817362702368,11.506565875650598,2132.6193864124416,0
4,531.1219104840276,669.0,2275.0,29.87564429060878,27.71912650483039,68.26515890156998,14.904661914218988,2288.0518175840316,0
4,1302.4099588083689,981.0,2275.0,37.47828770422899,28.71330590145588,56.79365394621237,13.007519992821763,2354.308719134002,0
4,347.5140374280672,613.0,2275.0,-7.047735321482072,29.586395607122896,49.17762212354112,12.80802763952365,2161.1408785663352,0
4,2990.9353303532475,203.0,2275.0,19.507312213840205,31.95968105583666,45.32145893086077,9.99572937177471,2135.5408368085004,0
4,1556.3655299606035,362.0,2275.0,22.649084332846016,19.105440249366755,61.32772011045752,14.291566549827863,2418.728848144232,1
4,1826.616550228127,191.0,2275.0,0.5164364979207026,15.685964056614894,74.27336455646798,11.56493812752369,2219.3298728050827,0
4,294.5217844264397,87.0,2275.0,-5.435439147857501,21.990255805907964,56.07408581427613,9.973400434694875,2378.371253980888,0
4,2274.8853641576156,49.0,2275.0,42.19041331551946,17.211371387092097,55.71577001979134,9.075645119854554,2260.9862124669976,0
4,708.7262199771988,20.0,2275.0,14.549917514641074,15.381240115754936,55.322748535483264,12.358534101830296,2260.262111658339,0
4,2704.35743937807,55.0,2275.0,22.719355014234758,21.127256061405262,60.61631511914575,12.164397732736058,2314.8955556541946,0
4,694.9049573978208,86.0,2275.0,-6.441520236558549,28.32355026827902,58.2199465027288,13.316121734214951,2194.556104036074,0
4,652.9943899246331,11.0,2275.0,-14.385689330443874,24.625071750826205,71.39743880181044,14.341548318106813,2287.057240058104,0
4,205.99403675947514,342.0,2275.0,-1.388995489842209,20.31722581657602,60.16562375170471,9.476439507858178,2240.2844632510073,0
4,1468.9941408189977,8.0,2275.0,7.519572252200059,26.123814093376232,60.23273514565706,13.388978942042174,2154.835096650142,0
4,1738.0392864615876,119.0,2275.0,-11.284400136346978,18.944309065249783,49.1511478416167,10.124471664585494,2305.710868800102,0
4,290.55505434222187,111.0,2275.0,9.80310382699234,15.244484583225445,74.48218622731159,14.149062318942985,2251.0389895741096,1
4,2349.030088415531,241.0,2275.0,-23.770103761370002,27.994007569419267,52.49918672606489,13.914381083169935,2260.7107406115315,0
4,1414.53762076928,29.0,2275.0,-12.400948449397443,25.603632442688152,47.20092202378808,12.244762529913267,2164.8753541493115,1
4,1620.7317810499821,112.0,2275.0,23.4182249655375,27.95914461651632,64.89438746925626,13.26145679173987,2419.817433466415,0
4,1378.2119661208617,37.0,2275.0,22.07581040555788,15.661946283690316,62.86099110470618,10.88610067910249,2354.780990961137,0
4,1262.2128765384452,49.0,2275.0,2.162464692262672,29.23103367312109,57.45436961978237,11.827007393596887,2362.73818545965,0
4,1722.956960793832,48.0,2275.0,-10.35528618153906,25.531945400617154,57.66576701642034,13.92982138626283,2247.204532077807,1
4,550.1967131990663,2650.0,2275.0,-10.54807103052022,24.57772096211488,68.55191763139294,11.755591183039282,2117.6443570551887,0
4,627.5915784362862,2516.0,2275.0,2.534635081173718,25.618438817947037,50.87137920298947,11.14678959195265,2452.7154818065455,0
4,2599.1783009392,701.0,2275.0,22.890369832905826,29.69536519676219,69.6075995683467,11.9652746835018,2269.440126771466,0
4,2843.734840187535,115.0,2275.0,28.564913826886492,24.977920611501418,64.46241341685055,13.969495514623311,2206.859218562175,1
4,1182.5970172112836,81.0,2275.0,0.06936529036061856,24.876156458099047,57.56909321338573,11.011248284225235,2312.9289432779638,0
4,885.1595521163059,36.0,2275.0,-13.069848519695675,31.84154567011802,58.74085849751606,10.042569558814463,2381.2079917082997,0
4,1967.5986753931456,270.0,2275.0,15.356872757326666,27.864412840165656,52.69941621558287,13.272084121984685,2272.902399396223,0
4,1285.3290961844796,42.0,2275.0,-6.470699412516989,22.5189946926693,67.56342998090925,13.95586927624849,2391.3503402824826,1
4,173.6204314150001,82.0,2275.0,-0.36505277722404905,27.02574900055977,60.38624226915803,9.6038248711412,2373.5529944050354,1
4,552.8425323619521,54.0,2275.0,36.50552180874075,21.616918018760405,54.62563628249531,10.439244676535669,2177.0493119464127,0
4,2176.3194636574526,4.0,2275.0,26.54230857131536,18.890882862219485,62.881503472828506,9.851831938565963,2213.6851003849874,0
4,2010.8794315394389,22.0,2275.0,13.159486245029033,25.14648190709191,74.8720335615397,11.087648469493,2362.1358818584586,0
4,178.5783782601021,571.0,2275.0,-15.438380022254456,30.779095667937177,58.057868389696615,11.702105873432476,2028.1522566932501,0
4,743.7192696055533,2741.5,2275.0,14.22793134941318,30.795371840262867,72.62074202335859,13.492958021779838,2261.399531921986,1
4,770.1169101054071,1684.1,2275.0,31.25314581575053,20.812389727793335,55.35050519773698,12.906885509290046,2144.794360652155,0
4,2048.4889564363125,1319.6,2275.0,2.487326684689288,23.970516925768813,46.64198120774957,12.725571404870587,2231.633604069549,0
4,157.16055948765606,806.9,2275.0,37.0222817997343,18.597810275687642,51.12726319105287,11.114249679657927,2247.8073718983424,0
4,401.91488775526415,463.3,2275.0,35.85490579036414,31.92572886148102,57.560854299830524,14.04868531850856,2242.399761610417,1
4,2419.756647582249,4157.0,2275.0,43.274656642869466,31.67900443375491,51.58904785783707,11.827723004388988,2224.7442260577527,0
4,617.7795199575675,161.7,2275.0,16.10486253062706,26.041651805026603,45.00681114654767,14.874629628090927,2175.159927883778,1
4,1992.9637127704366,118.7,2275.0,21.747833996120246,28.675039014517047,72.45004613242583,12.804852829774422,2483.5639252805004,1
4,790.7300650355069,235.1,2275.0,38.2837457666218,27.1567027418229,70.31638233692787,9.757588449387017,2444.939042378683,0
4,388.38003900210094,92.7,2275.0,18.947878741379512,25.083689723670958,67.26876694460842,13.057065372452604,2169.252010356678,0
4,805.1993538984168,145.5,2275.0,-0.02468215580425337,15.90691594881126,50.03443786938086,10.950624092590195,2418.972624368625,1
4,2194.5741023814116,26.2,2275.0,1.0291432694427733,22.730993823395238,48.61090728629958,13.117963180116584,2238.6486403669705,0
4,2581.519757508229,98.1,2275.0,14.771099075474783,26.471367136845977,47.0281424841715,9.417846888974434,2286.756060073186,0
4,2507.637607244276,38.2,2275.0,-15.811228438924374,26.518037436022638,66.72087566318764,10.049288623055757,2269.242069649381,0
4,1251.832235893519,66.1,2275.0,7.134821692716147,21.34308451318052,72.86423882063656,14.134423553434718,2214.962873645889,1
4,2037.4468960548738,62.4,2275.0,31.930942364605073,31.00876377318652,57.91607462739111,10.36307734214109,2364.5305632681593,0
4,694.4544567058808,1114.2,2275.0,-33.825077023305624,17.84506954802528,48.57422015988144,14.02224675145764,2286.4556742824757,1
4,950.1284177569385,714.0,2275.0,40.6896420358903,23.50611058566453,60.3717846219632,10.675656530726462,2231.633820487049,0
4,2699.373873711247,716.5,2275.0,32.447484374063194,26.745027601363986,55.4649572237589,12.857291460352247,2156.282360614157,0
4,137.7055781811345,338.6,2275.0,0.8047076833904736,26.851308700160757,56.24474773049993,13.164903441058986,2193.6828537515603,0
4,347.9747394779574,210.5,2275.0,20.867816557436193,26.026862265069866,63.63991872467122,12.075928518870317,2125.634409480209,0
4,702.8701399234792,214.6,2275.0,10.062954538126533,19.679899628681625,66.56154339786607,10.831864060180388,2276.11234290578,0
4,176.94339123407718,92.1,2275.0,34.59980736877366,17.655511667672574,48.31810796619482,10.275866258226577,2166.10343110212,0
4,626.1627617604122,54.7,2275.0,29.653662855398824,25.810985556054085,46.06770692419429,9.199136127374558,2250.8339933608127,1
4,1790.8205268121073,28.7,2275.0,-18.001414463660183,25.18813597437044,74.82990908057144,10.823678407444342,2399.679268678544,1
4,1322.1311967182442,85.5,2275.0,21.745248269283536,18.049052174917097,51.98185046746656,12.918976743187699,2384.1362611358645,0
4,2688.747962123227,9.15,2275.0,5.887442927135047,26.987365474699576,46.614915747253775,14.629828910690897,2272.0628026366617,1
4,2470.5863290414786,0.95,2275.0,11.656651410361999,22.737923859472158,50.6962598728776,14.227226893578312,2267.0752899209733,1
4,1091.2703199238404,53.9,2275.0,-4.563438019396312,26.3519300572536,46.168735390453925,13.596388659211815,2446.0685839973116,0
4,852.3279569507482,134.4,2275.0,44.96274138241671,29.23524035609256,56.75432683851515,13.730684059519792,2322.388806952643,1
4,1201.107983685074,482.0,2275.0,30.80123639805152,17.885383285807695,69.07205353353973,12.989909420855971,2245.1696121512364,0
4,1811.8553332929425,215.0,2275.0,-4.795423279459346,15.325462755946223,55.23733349273162,10.561721145396017,2145.232351342039,0
4,877.3845583863412,488.0,2275.0,-16.692212138204653,28.244743968728375,58.325502206351,14.44317018423498,2310.8424628529915,1
4,1910.0318327624886,113.0,2275.0,2.286547380443036,25.364856227594473,65.26760320702317,13.024393871435004,2350.4684633050406,0
4,1287.2937913545973,71.0,2275.0,18.690052921826116,26.89387268357607,60.266822102096405,12.36264378588264,2217.5197112692586,0
4,1700.9368244707427,98.0,2275.0,14.80411687892446,29.24863457480692,70.84337058063973,9.665936815280887,2301.4994507175606,0
4,1364.7669344924184,83.0,2275.0,35.06265649536487,28.647785892016508,70.9810702513727,11.682333262838553,2241.9148301627324,0
4,953.9507026715612,39.0,2275.0,25.798394443617045,31.33564249779002,45.29732086473461,11.762149627211558,2258.2530516728907,0
4,2850.5145901902542,20.0,2275.0,29.391380515058138,24.110896340486008,68.34138919449597,14.187381657136019,2048.608192761828,1
4,2314.4568030633063,828.0,2275.0,16.537108012208748,23.30442575521839,58.82200800725022,12.279889321126731,2254.8178922618317,0
4,506.32820972271236,6265.0,2275.0,-17.785974604219806,21.83208239814241,74.6652162391099,11.282403293822458,2363.212606519133,0
4,2618.557130103947,3450.0,2275.0,6.086029377061971,17.612747728351476,59.496962276263055,14.860801971063957,2217.5423674434433,1
4,1513.5504749235895,2828.0,2275.0,31.20179479817331,24.734322958994383,74.60687836164892,9.664323559957895,2279.7798995075937,0
4,2694.201457992865,1208.0,2275.0,8.969541429507078,19.70921291354164,67.63708083617209,11.535290569871668,2206.208485691035,0
4,2419.5802422472143,1215.0,2275.0,20.061807372474938,30.66222770762058,52.45814653839919,9.252148051028431,2307.8001925426424,1
4,1333.119162960777,2248.0,2275.0,3.625033695077338,24.91424367271066,61.15184937860873,13.439424724601583,2255.296389024208,0
4,165.16099412834046,3894.0,2275.0,-10.596236970836902,25.078283068637873,74.76406918435748,14.508459313194905,2189.5290197979375,1
4,879.1643422163436,1027.0,2275.0,7.533118719077791,21.03371923490917,70.72591823255772,10.680223977302937,2396.2621835575264,0
4,1670.739222516514,491.0,2275.0,16.18094886065308,15.883818983621028,47.92100681373663,14.150050060794726,2359.532813231431,1
4,1937.086837495827,569.0,2275.0,-3.1137543892288733,15.539644011340807,66.19115990429988,10.753309382771386,2219.953484482536,0
4,847.8742877562867,112.0,2275.0,5.28577510286663,22.196697450604358,55.36738757612439,14.46462096986349,2320.298736157018,1
4,504.13261481118997,458.0,2275.0,-8.789264839719653,16.437611427653042,45.20946785641044,13.523771421580705,2323.9044922566545,1
4,2521.2976867179673,195.0,2275.0,32.38489835128192,25.316398244182366,57.104429070809985,13.829440661048633,2333.4494123860172,1
4,2954.7663240403012,397.0,2275.0,4.11088484823932,29.976541095874175,52.04263265174914,9.108039333602727,2120.822713464448,0
4,1624.5015286777889,401.0,2275.0,39.055110902523666,30.00955188081828,69.56607811561415,14.776862142444156,2366.601195233969,1
4,597.8699289600802,189.0,2275.0,40.57495701081817,26.20377197224795,55.11991826537297,13.360025952421939,2223.1573943737585,0
4,889.6912469061699,185.0,2275.0,8.379080705565125,18.590941135039827,69.82571081861451,10.8285065723168,2242.4376580568446,0
4,153.33296198765353,201.0,2275.0,-10.168974650946993,29.670946133100827,45.01793816504386,13.976367989153083,2515.047239455678,1
4,2751.466539025447,105.0,2275.0,-31.717957554666746,30.06358840032454,54.23457450078357,10.689127190489579,2302.470477645612,0
4,441.4781403814093,378.0,2275.0,-19.440741460535833,18.343110944200298,52.23495642923286,14.236523037396768,2239.844654734307,1
4,1771.8977789913354,178.0,2275.0,-17.4766964979732,27.536243458101513,52.00702083205833,9.675482342471621,2074.3182120792126,1
4,894.7601399928974,207.0,2275.0,37.569392549230095,19.87083233176109,47.045598592963884,13.222115864764774,2401.468536189119,0
4,1707.116207295801,686.0,2275.0,12.316491744538922,28.644885309999804,50.61372811231505,12.244190859869462,2152.585919956417,0
4,1989.1191262204063,485.0,2275.0,17.792090481839757,31.953044298361245,61.666487096568595,9.579206821172646,2183.687059781545,0
4,2506.2512307508846,150.0,2275.0,-34.40842017870252,15.510442090599678,53.740832185132334,10.451362969553035,2244.8469407830057,0
4,698.6216881057493,88.0,2275.0,-13.959328584345233,30.255219718445844,57.52184346987444,9.07442421766389,2403.8934730447268,0
4,131.8879031095934,24.0,2275.0,27.74159552892574,25.584719071177187,56.306006410415655,11.812607792787034,2345.364838786584,0
4,496.9683271995411,33.0,2275.0,15.735482247651724,31.54750452580196,71.27714774999684,10.807591564560003,2260.636786604536,0
4,2710.054061359505,49.0,2275.0,7.055894426288054,22.90516179794927,72.15896997031547,12.590144905786552,2303.0545777911325,0
4,2634.281224931294,13.0,2275.0,21.29684717200245,29.405594819713354,59.7887091496758,10.783426846251704,2220.3649019487293,0
4,1832.497996293894,6.0,2275.0,42.7159561227163,16.060699166170714,54.904678509468134,10.799514669041908,2287.708485750447,0
4,1841.4988952575948,1423.0,2275.0,5.579150729258989,20.69974385133103,48.204021120070905,13.45915919238962,2281.6736437748104,0
4,2028.6063561841409,633.0,2275.0,11.387396053161389,16.13928114177057,73.60208638146285,9.288857015870121,2363.158060507003,0
4,608.5767080080038,41.0,2275.0,13.851938374626103,31.5808332691442,46.806808347008925,14.417369971151924,2363.0132091419446,1
4,2751.7946431823834,10.0,2275.0,57.84219270547985,28.888556423621225,53.92950832704841,14.113583246347089,2319.9519417807137,1
4,1314.4345221870121,269.0,2275.0,-31.98712528838051,29.4933061611815,53.94198603510013,13.00682809935844,2242.0263722633044,0
4,1211.1017319235427,11.0,2275.0,23.66446029577616,30.945408934376204,54.612038584206445,12.559329420644307,2342.5058287895017,0
4,1604.8613453202288,68.0,2275.0,7.703955024818727,16.446759264036352,49.92860529817228,14.353814988837915,2266.630869575523,1
4,236.20130364765964,43.0,2275.0,21.335434523683592,21.555159072726667,68.49484292771092,10.111981077172286,2176.5457924471048,0
4,582.2217693926302,15.0,2275.0,-3.1474510798944877,16.207593113748036,48.67493585897968,9.473814973144972,2238.3008109361044,0
4,2240.297487636474,38.0,2275.0,9.020699382830994,18.583482726350486,64.04719977459489,10.437061019457229,2282.6919555243735,0
4,340.11613698286675,30.0,2275.0,24.2282115893099,18.89921820964043,48.715380801174526,13.767469672201141,2357.829636313492,1
4,1849.1411174525258,3300.0,2275.0,72.25820402087682,22.974822587808838,47.1160691277887,9.2080216003589,2258.298936333699,0
4,811.5124180758307,1818.0,2275.0,26.16072378804143,19.565556846711925,72.2828851105763,12.496841010500937,2164.9629172771956,0
4,1228.9572807217319,452.0,2275.0,-6.961311960610171,16.716627815901937,50.70386298956117,14.972625097147858,2280.1634931800104,1
4,937.2118366350296,501.0,2275.0,1.5248063595459342,17.84734851459983,69.63750463679114,14.134176563025235,2285.3244996451463,1
4,1131.4508777483525,197.0,2275.0,0.9317178323229189,17.503684580385546,61.33892613321407,12.128674134261537,2291.9112242301503,0
4,2185.233125034312,151.0,2275.0,-25.9128634526003,31.54230556450907,47.335695588263086,9.381845455719855,2358.708307951853,0
4,961.6529753072076,100.0,2275.0,3.398196165971255,27.90797261761405,73.66344574314202,13.98824108631426,2367.7220148481806,1
4,1742.573456861002,345.0,2275.0,24.6565816364349,31.451944909582554,52.40883500975678,12.593871049063264,2220.926810613268,1
4,1480.546166377389,52.0,2275.0,-15.484642381535902,22.475588270634447,70.7893603605782,9.689597982357402,2218.930945317546,0
4,2024.6463795516795,65.0,2275.0,30.96965302101185,19.732264188265162,50.06430017353693,9.563143708940137,2180.341917303052,0
4,2816.806244041798,121.0,2275.0,19.755496421686765,28.570984352556174,70.61828646425559,14.457760916619554,2338.5922259955237,1
4,2224.4590819097257,6.0,2275.0,-4.6846664394207576,20.546316606699495,45.39686438715882,13.01520157762847,2406.8426298587324,0
4,723.3270979131946,13.0,2275.0,7.169407253243051,20.08951735299092,60.35341369708442,13.975720795900532,2246.327544560288,1
4,190.43109167772553,22.0,2275.0,41.96643615282066,18.95260186753313,68.0832773826467,14.273873401693603,2253.029818610026,0
4,860.5657284694928,19.0,2280.0,24.670956270117316,17.204542629812,73.0438655247835,12.430634112289933,2413.7705691891865,0
4,1825.725999030739,27.0,2280.0,10.175673097962957,19.359872037285022,72.27606408619461,12.104678110530248,2326.1068762132086,0
4,249.134859104326,9.0,2280.0,5.246333660780314,21.040435724056092,69.58874608642935,11.58256446192594,2319.784696277856,0
4,1539.4621168835854,18.4,2280.0,11.532181409033193,26.457901538477415,71.64574048983913,10.901679526746715,2171.388414655196,1
4,1830.8442618589788,2216.9,2275.0,-0.23527115884606786,16.063602317730677,50.9765905751123,11.607575765152271,2336.7642543044276,0
4,1069.3072833691863,1150.4,2275.0,-32.094990114380295,18.57861797431083,53.52552887135187,13.643277934380938,2190.448593013612,1
4,2335.6453908628837,757.6,2275.0,50.84355821069462,28.7534018849585,53.66905574763176,12.61154058609079,2171.804163079919,0
4,409.13493408793823,441.2,2275.0,13.10649998398803,17.497672700924102,56.311617930050964,14.355139739729076,2243.443786514229,1
4,317.8995670338454,427.4,2275.0,17.96294530245074,20.824967490882866,56.79962011155566,11.660280086275126,2221.692862166169,0
4,2211.7473929904495,174.6,2275.0,8.841845002461826,29.699201671588384,61.33665973964027,12.642537472312524,2254.8344278109616,0
4,1536.9248169979755,178.1,2275.0,-4.70233601449176,17.633730289438525,49.79639290099324,12.787845318551932,2143.8706712582325,0
4,2096.3669496404345,10.1,2275.0,6.281510381024585,16.406526205509227,65.73739991357968,12.550182973837952,2362.2522838885584,0
4,1360.999281950864,14.5,2275.0,-21.987895243886225,23.237145916360184,50.026996179135196,13.215802638513098,2377.619452800995,0
4,814.5658963934097,121.6,2275.0,55.54172996106609,20.14113169173512,54.309254463136426,10.424600810248837,2097.7918348531857,0
4,2475.3967212551793,48.3,2275.0,-14.69023996844792,24.57794219622552,60.100353918184624,12.074182665274744,2364.039660315656,0
4,2418.3060490100397,94.7,2275.0,-10.639325676943589,28.664683138219075,68.89321684570432,9.625348816850085,2201.2418946862317,0
4,2114.6197654778375,88.3,2275.0,1.1948159122719915,17.331524298596634,67.18407699716181,11.307067965868875,2352.9847738654335,0
4,889.2208979668918,7.8,2275.0,35.76151449704755,24.871884437422842,64.36603069231566,11.926002411727588,2268.771369167356,0
4,1811.6689339203526,107.5,2275.0,10.290179985253083,23.593648926627687,49.673197817405104,12.913345557272834,2277.6185763313706,0
4,1146.8243011260777,472.6,2275.0,-14.722715920609247,17.449339362224393,61.41136036846733,14.703186315517222,2258.1561139026694,1
4,365.58801264723905,192.4,2275.0,35.08676721514679,25.6079742539927,47.62339505399656,12.603906399290135,2385.3037575852472,0
4,2760.209368840504,141.1,2275.0,24.620012535709627,19.65188710363312,56.32089530389952,13.461563497059359,2162.1974908602224,1
4,496.77402966498806,120.8,2275.0,20.768699144329048,23.293183415248212,57.405495908698775,12.037596356971218,2330.313470824886,0
4,2855.688326080327,25.1,2275.0,24.31468482341681,16.398629512710052,46.19434318337262,12.804624188257987,2375.2210450049492,1
4,1393.4167415780717,69.3,2275.0,57.88723801164902,22.812928972631592,53.21964298409915,9.42559329680264,2340.1869473291777,0
4,636.885493631997,26.7,2275.0,53.701897900722244,20.209878956727945,73.66948401799468,10.526349485051082,2486.547601203431,0
4,1671.5127473972386,81.3,2275.0,-3.7343068600659066,28.980480590151025,73.60897823489069,11.171118559230832,2226.8658445920523,0
4,2631.5429240415842,46.5,2275.0,42.47769985622305,15.96863835895526,55.56981162757618,11.834960130039082,2362.114738856011,0
4,2223.4521705877273,16.4,2275.0,17.663363795178007,22.11632367361161,46.29300326844972,9.273892473014303,2265.3457521839305,0
4,2439.027328798204,23.4,2275.0,19.981916322754987,22.79333421023445,50.37284817984545,9.840144585319907,2387.239952948093,1
4,2010.4717634610804,183.0,2275.0,-23.845416632866574,27.32510329708502,56.766533803006205,10.660885846747835,2274.3003013893554,0
4,2107.602037101772,112.0,2275.0,6.592284692236081,24.762888776533586,73.4333909390769,14.829196145406303,2239.703303850515,1
4,2562.667389539426,288.0,2275.0,-6.256471806731298,26.342609732301078,49.23597190611555,10.988082042618304,2393.852570552318,0
4,824.0372256916393,107.0,2275.0,26.561176297866183,28.209837856079854,67.90547531004637,11.892246348672495,2230.267863549277,0
4,1519.3323945651073,119.0,2275.0,31.4216100080561,29.65745055218921,48.26047618124076,10.176586276430358,2146.4419559400494,0
4,741.5073812768464,883.0,2275.0,-31.489727020326228,20.335883444281997,74.43772732173831,12.66468042645461,2227.9669336311813,0
4,2964.2372231902764,354.0,2275.0,9.55930271991459,24.14638599118635,56.44849497327405,10.684099293095846,2331.3319981395566,0
4,2837.7720850911783,45.0,2275.0,32.43723009588504,29.2818373334664,68.25703616697169,10.241955470630561,2401.6755263944256,0
4,214.3377529686671,5.0,2275.0,6.266420753731101,31.82066922640596,55.27773248433395,12.099435770675875,2285.1127731519828,0
4,2146.1680002954963,40.0,2275.0,24.58127290004729,30.121828287743973,63.83006631476426,9.033034794962525,2394.9559331182963,0
4,2783.2201205054307,3.0,2275.0,17.02330935254168,21.314943464614405,50.7604825422011,9.045984195895352,2151.406082145539,0
4,623.6685008692673,177.0,2275.0,16.833204639052525,18.317830792717057,49.38063057890888,10.314412854611147,2234.663024701571,0
4,1747.0411686026255,15.0,2275.0,4.5737004386340505,23.31967313591201,73.14192418704394,9.220328175004926,2248.7396643389766,0
4,2754.916063005321,9.0,2275.0,-14.331616082714191,27.607904681212716,72.529418337133,9.648154524784148,2264.575092100001,0
4,198.44333789881665,207.0,2275.0,-12.43060294850055,23.373674202806058,71.62406820638647,11.033163896032509,2282.6525893307676,1
4,2122.5187750158357,69.0,2275.0,24.187050289106345,23.214074676332366,63.763003504997805,13.815514077478877,2337.8728971226897,0
4,962.3121213803972,89.0,2275.0,10.389165110377663,29.24991715839061,69.24804633648834,12.432291860215805,2234.5225777264855,0
4,2780.7489665919384,21.0,2275.0,7.229755107855505,21.14386424414217,47.071108107341246,12.0760063557385,2287.6516105127344,0
4,2916.0689109795667,38.0,2275.0,1.5221991535529487,29.616509471797976,55.04367125672037,10.760932939248729,2270.8938169805115,1
4,2838.3728184289585,355.0,2275.0,3.8962230903849644,21.9156816161793,54.411093742714684,14.590522316596898,2190.744018745905,1
4,1475.221228306645,357.0,2275.0,30.938235889762787,20.57996279653177,64.0693596585784,11.38209024742315,2264.6563312935896,0
4,2599.923687869009,410.5,2275.0,3.2951183626394656,22.717828490394883,55.67873320411921,9.522556600774628,2261.9269827793623,0
4,2549.1932557517043,92.5,2275.0,-16.821294266031373,27.96159829747276,49.455203449310424,12.702399096706808,2259.977668584723,0
4,1025.3913724054414,101.5,2275.0,24.873035510803465,17.142034473687904,62.89401226240631,9.683030360859608,2277.8901105489117,0
4,2503.854875036964,619.0,2275.0,5.902466722705656,18.339126669824296,69.43151762007244,11.071338856810153,2281.886292195818,0
4,207.32214067492862,444.25,2275.0,10.62791731065553,31.17456203627256,56.4637048337992,12.044471632306854,2235.661138701233,0
4,1829.1826475979537,390.0,2275.0,42.15156612799021,17.983357665483076,48.96806145295445,14.245335148111055,2390.817040791385,1
4,767.0256281343388,414.0,2275.0,9.588788852989856,24.65136440482793,50.900645919384694,11.961279482040712,2168.5772627425254,0
4,449.6439687541085,166.0,2275.0,15.783673462374507,24.848345933252943,52.12449915508152,13.213552596189984,2209.3917201292397,0
4,323.1642847247066,230.0,2275.0,-13.578469825966508,23.32361585485416,53.996927789836086,14.956901033994422,2527.976689804344,1
4,2119.2374500466053,155.0,2275.0,5.606610952980797,25.960669225805916,64.28385211518928,9.788934719387889,2180.5427866959803,0
4,1085.6373949273918,11.0,2275.0,22.190520904172025,18.90705433855951,63.02836453613157,10.648389153117117,2151.808324601412,0
4,2201.8236374334083,36.0,2275.0,-21.107474676824847,24.39525855220472,65.88239584701117,11.367456453585879,2341.837383795111,1
4,289.53338831693287,44.0,2280.0,14.016901862314192,21.326945339197252,55.8750595359454,11.530969071232988,2090.5666693358226,0
4,1014.3419797087699,1511.0,2275.0,12.015821452896127,26.24834341369621,69.71992955639935,11.466126451593276,2253.590074192508,1
4,1664.524747888478,713.0,2275.0,10.825749111748788,17.40080023734354,51.12262983467281,14.445666015339329,2470.2700681819606,1
4,2393.097178032994,1276.0,2275.0,30.743177973164862,24.704916086271098,59.07122242554462,13.284195866801138,2134.4108310840406,0
4,1024.3822585030027,597.0,2275.0,16.688770296970432,18.149596041516503,69.0281616462429,12.647431284544222,2094.641231797777,0
4,1915.0849916673264,99.0,2275.0,39.56143796712888,19.736932072955618,50.404759431978576,10.856236307176692,2138.5745106218496,0
4,2669.3354698849425,179.0,2275.0,-9.871790311880723,18.718066605500916,48.29589341222349,13.94274230532777,2356.7507207195754,1
4,1886.0032457286832,15.0,2275.0,12.71849134436696,18.10824225776989,71.5105190306397,14.730363068909934,2377.354681518709,1
4,775.5824767855379,70.0,2275.0,11.689335727798948,29.03708617653134,55.28788988277588,13.927189695301358,2228.3544194749556,1
4,170.76226651396024,12.0,2275.0,-11.385089875101603,19.857028650235137,65.51610374727096,9.009390631148838,2337.1723287640975,0
4,2623.286734312697,23.0,2275.0,29.125900041826924,30.761104291695638,45.760458127918156,12.818408221100443,2401.5132348035913,0
4,161.6812914661227,760.0,2275.0,56.49346611705636,31.488750930868246,65.70140665228348,9.306812288652605,2437.648523713114,0
4,2636.634850784178,325.0,2275.0,9.65987851032338,24.711427988930655,54.483039346409115,10.54564332200233,2252.5834894126338,0
4,1633.9176886789148,10.0,2275.0,20.10042176547534,17.43101908531735,46.672225607623254,9.35714820208663,2065.5660736920313,0
4,2823.296325687399,5.0,2275.0,11.690369516306545,21.367320137452882,63.29438284644351,12.622772717696327,2200.3000180607182,0
4,2416.4713837436298,29.0,2275.0,-4.271693398143517,28.561448476919637,52.2241144821952,13.119539480955641,2236.1608182608916,0
4,2994.008920546679,32.0,2275.0,-26.415205556040327,21.245642387850197,56.6042172615564,9.686925828395431,2251.4365695113665,0
4,1117.0642648099595,1.0,2275.0,-4.115469661907303,16.47929271114741,47.417424368595405,11.303033298269877,2257.9047945082066,0
4,2324.846037900268,1130.8,2275.0,-17.839167619034626,24.465343485779194,49.41489753284836,11.737419053733252,2376.819408411691,0
4,1265.5996494668022,1498.4,2275.0,44.08204156118236,29.36705447543259,53.93931706487531,11.214318130565498,2390.97298682857,0
4,1491.6392988813357,628.15,2275.0,7.697806121535217,28.53074858143954,47.69278501680471,9.726150002911158,2259.3776974928446,0
4,1919.7658433332733,655.25,2275.0,3.081613419056586,17.977093382216005,72.32478794058946,11.513686741124852,2374.9621237207157,0
4,2633.663631140382,471.9,2275.0,27.78307649575612,26.436998445011934,45.181411295519354,13.507068286850508,2307.547184363429,1
4,2953.842060677956,452.65,2275.0,-12.43502205711776,18.748572478406,59.51580656592934,9.426045987199533,2280.870043530494,0
4,2327.9929002071026,259.85,2275.0,-5.337280760091048,18.70952808738693,48.69742374397654,9.48108008449142,2357.4955182970066,1
4,1311.5236682852678,247.9,2275.0,11.36144538497242,29.85922014618815,54.230372684338455,11.128627751015905,2281.5749363896502,0
4,1321.9353066035035,130.1,2275.0,30.57537982846961,19.244372196583914,72.78178679454797,14.65035426971355,2462.2608171158963,1
4,2238.9886746077855,204.1,2275.0,20.033700903375763,19.47520489080619,49.85083659821961,13.011435880337483,2144.104583821695,1
4,792.4537227280767,13.35,2275.0,14.966502850317644,15.011107642942093,73.97496959154998,13.072019740035389,2228.1194481826265,0
4,420.3749280810445,44.25,2275.0,11.562354704720327,29.8013735801338,51.173831309682654,11.171519945027189,2263.4867803771904,0
4,1128.404257158252,10.0,2275.0,18.004717110535502,28.47411182455529,67.24698325400489,12.561964747251231,2314.9901948316774,1
4,932.993075796837,2481.0,2275.0,14.033058102585093,25.664591896541523,61.40031794691935,9.06078710416646,2390.3844043263807,1
4,959.2935493223713,731.0,2275.0,-10.599445495538717,27.754517986960316,71.53436182790277,12.816576278457253,2272.77973038151,0
4,777.4624780447389,1203.0,2275.0,10.921584432663026,17.58482564621636,61.61979766509393,14.47972168545742,2145.5771018949354,1
4,222.07024994544946,1345.0,2275.0,-11.473773178355053,22.791501107988783,61.036776574689256,12.675440810068915,2351.6687645774055,0
4,151.83441072690005,375.0,2275.0,11.621650858016475,20.970729584929273,50.863740011051995,14.24219156079807,2343.701247718919,1
4,2964.3949302344913,191.0,2275.0,0.3870411702351717,16.59420094636928,49.986880861549764,13.343838332796562,2098.290861996474,0
4,1340.5420878340008,175.0,2275.0,60.78763245565723,23.26421824865371,72.49467453346543,9.72335049842214,2274.653823835957,0
4,1214.547276763077,89.0,2275.0,9.202112324965762,30.6525740558248,54.83514596550102,14.414719843715051,2130.297093408093,1
4,2070.9771198099024,59.0,2275.0,-18.084791325231777,15.681005023861806,56.162467648886874,9.398663066134649,2214.516750127312,0
4,732.9362748086861,55.0,2275.0,7.316395786461509,19.954835529394497,67.79470975285165,12.203804835286583,2192.8443876463853,0
4,2854.8874334556535,559.0,2275.0,20.38717491275776,18.52819591549696,55.16470447268422,9.852822742760747,2348.6430875400206,0
4,2380.400541805101,63.0,2275.0,43.46727892305047,19.048493112316837,73.56187339917008,9.070239664385424,2285.631545849669,0
4,359.2919067055526,94.0,2275.0,-1.7890479987743682,30.44338738194938,67.13783306996402,11.532205560765835,2158.0112189312013,0
4,1310.9842497762922,3487.0,2275.0,-21.648559480472798,22.957173921982932,62.9228772772026,10.770244245924937,2355.0860026291184,0
4,2649.4430919302777,2162.0,2275.0,26.336740228619625,22.92709001997692,71.42685481634257,11.916002962785619,2144.5236700225146,0
4,2839.72286464509,1164.0,2275.0,-17.61197411799302,27.9297859217398,46.48817725048448,12.463199320407305,2305.0403549328557,0
4,1455.4643826246222,921.0,2275.0,1.2768911698503,17.62636746808374,52.71188076567626,9.262434433853684,2200.9250290944683,1
4,1878.8930287110522,61.0,2275.0,4.847590289780119,23.283511019700864,58.9510900266273,9.738019770742474,2241.7233854897227,0
4,584.3984436670182,521.0,2275.0,8.607330933997837,22.309748640058015,51.80935618414563,12.351854378702551,2320.888638071493,0
4,2974.389015797232,521.0,2275.0,23.783289141486712,25.147481739293156,67.31715561906455,11.059004119035949,2322.4518953144175,0
4,771.8479340119859,313.0,2275.0,-3.6726856457277535,31.992480955257456,72.57624093161175,13.375040925296688,2396.6641856935926,1
4,2833.9221449918646,211.0,2275.0,4.525414956664786,28.0806311993948,57.7131035979277,12.913749891551639,2267.514913329898,0
4,1983.9752820778685,279.0,2275.0,9.71459294101223,21.76371695129626,55.26397800335685,14.073626177939442,2302.8870285296643,1
4,1862.4367051486915,150.0,2275.0,12.991959150375761,29.068401888658798,73.84652196412699,13.154956960015351,2235.1659036612064,1
4,1586.796681947875,25.0,2275.0,11.956543494158453,17.902042176312165,58.34557298482623,11.579586464340888,2291.5610793186743,0
4,768.9424539815002,204.0,2275.0,18.720115504451595,15.517882667252323,59.6714520134785,13.037799734366594,2314.9932303687747,0
4,611.931292815974,140.0,2275.0,26.876790192834747,18.47562233189264,55.54949617025716,10.65228704553251,2266.0538038816517,0
4,739.4100063035086,34.0,2275.0,17.85268231301936,20.786996453942415,72.28645419036415,10.837880992669277,2110.8587059475826,0
4,640.6709602183381,90.0,2275.0,19.07171047018437,23.679872876812517,62.06866449845552,13.73391095952476,2305.163851566111,1
4,2360.7949733435844,21.0,2275.0,-21.644463334929554,25.457195389200397,67.86523761544933,11.678517098409493,2308.1750944393466,0
4,1115.3632515835172,2.0,2275.0,11.00455398331361,30.480297192645168,69.3542015505266,13.790282043110114,2213.1042136523365,1
4,267.74376203384946,22.0,2275.0,19.590150960032172,23.66751816235778,55.25547125751775,13.93453424200967,2158.120779717401,1
4,2910.397627408353,27.0,2275.0,24.578823891409005,23.5216859586374,58.0108299396114,14.145374025967703,2409.305002695861,1
4,2662.9790663939343,32.0,2275.0,-3.847015484675884,15.854131166990696,70.45415323218793,14.499811415047244,2319.7215414913903,1
4,2790.4816212661176,37.0,2275.0,-3.1807854977729004,15.593496395155805,55.89766055027431,11.585911323079777,2254.1536261861243,1
4,2985.232685674662,86.0,2275.0,-1.4820135056719668,24.369719352578326,68.81805400355555,10.913200909926832,2171.530007633579,1
4,604.2962227365131,35.0,2275.0,20.728277997826865,22.449036425221855,73.22976967723311,12.493192479564684,2200.2148506136573,0
4,1249.1018548177103,32.0,2275.0,30.67762109848417,29.266066714665076,63.69631119204021,11.227034540625766,2393.535726107547,0
4,2298.8915795418648,23.0,2275.0,1.8507978541679684,17.731552940101366,67.24881862355667,12.606445000801397,2287.527236618992,0
4,2118.4597923559977,50.0,2275.0,28.15924627254098,15.424518255989843,69.15291936123404,13.233515175862948,2224.8965769029355,0
4,546.2981283855797,11.0,2275.0,12.469596183291884,22.63365905481214,70.35118946689927,13.13043011095282,2321.3817200414437,0
4,2465.9160624727915,50.0,2275.0,7.514284456751274,19.037135464788378,56.851600135703876,11.247317322120729,2200.8897649423843,1
4,750.8776583263159,12.0,2275.0,5.77231540364062,15.843444346760236,46.53790377527994,10.001161210192517,2411.5767157555147,0
4,749.071082985607,11909.0,2280.0,24.932227292043144,27.31817087640969,57.056288137102186,11.583176030773245,2403.3754087825814,1
4,1657.2258263908993,6919.0,2280.0,16.511556335741403,16.897080999273207,65.21268689352269,9.855564864491452,2237.448444706307,0
4,1819.525811040939,6053.0,2280.0,55.51650855295275,25.341431500132117,58.510511573423784,14.34058221110285,2222.6652734707855,1
4,1782.2500027296524,3144.0,2280.0,-7.044492859946484,19.777845752837116,67.46889452581196,11.075264764427144,2041.2262522792641,1
4,365.3118284534891,1369.0,2280.0,20.362034040599514,17.949432856035376,55.70947288405992,9.926758483339942,2144.8798336345153,0
4,2644.636501628103,3864.0,2280.0,-0.5840201962302576,21.4557758896284,64.0423242331209,9.152686559434505,2157.8403565238527,0
4,870.2401235072476,955.5,2280.0,-7.385739739772877,28.624578195790214,50.59259414561924,12.874934317718905,2292.3293590980493,0
4,475.5932717201321,6.0,2280.0,9.782657259300557,21.665590807377736,67.48108309934871,12.821413904728459,2250.247486154948,0
4,2677.369431620034,180.0,2280.0,12.74704958814072,27.763084036587948,61.37087906439078,11.04362499948775,2157.30540354773,0
4,2871.389344866285,209.0,2280.0,68.36347110120185,17.133267045585562,51.12193165639802,9.430271333085907,2254.3578393272323,0
4,2600.170090069807,2207.0,2275.0,6.317083686335959,28.137114134306344,53.75733520493422,11.457773369371392,2320.9856804359088,0
4,2447.5966167021465,1840.0,2275.0,-12.603574589693668,19.027866523413028,67.45826125745498,10.867304970380362,2323.0333808423184,0
4,2000.201743853163,1320.0,2275.0,15.460214349887714,26.515683208110836,59.47803706984562,13.062723838410056,2102.1300044418417,0
4,1697.486374766504,1909.0,2275.0,-31.492800750927366,24.618286432296937,51.480943211792166,12.634675496716142,2263.328023275971,0
4,352.2616037430894,974.0,2275.0,8.160864347914682,30.795460192598686,74.01813571110893,11.18756236918524,2149.1159892955834,0
4,1284.5143179050262,1027.0,2276.0,10.320505645903209,21.58448280558034,66.45375059450663,10.30735532552994,2358.0933805876507,0
4,1180.7966993357106,1140.0,2275.0,25.892007658904227,16.12480821018549,73.71404497619389,14.92821579693355,2346.357323888168,1
4,853.285972904946,800.0,2275.0,29.472444988556937,15.325643254371299,57.813151360810295,11.72400972717669,2193.2795224044744,0
4,2197.9183296968963,1337.0,2275.0,-0.07139237815434996,29.056595536536804,59.25301022075161,13.129645414681423,2205.2898865815637,1
4,1538.0396317284353,170.0,2275.0,6.9877197074013395,23.920505840244346,71.93865648555058,9.843317805470164,2233.024698404654,0
4,335.034026132179,320.0,2275.0,-5.322416612213418,28.179148881194138,60.75148020736154,11.913538197956386,2069.995801079448,0
4,738.5312856544529,230.0,2275.0,-12.561251096153878,18.98523520019575,66.21836735717001,9.165220319216793,2305.5731037830924,0
4,2081.4504146128284,289.0,2275.0,16.19789558761269,20.866423673724974,52.5651863248659,12.0327307074627,2250.171146283048,0
4,320.77949252187057,270.0,2275.0,-15.471710971931984,15.511765827592422,58.401794061079215,14.784104442706214,2363.285932513675,1
4,2568.5000507414293,82.0,2275.0,1.7074619885627378,31.345369517759906,48.703495974310655,11.305240277914802,2175.0447611654076,1
4,1535.9249283405256,215.0,2275.0,-9.903479197984748,26.353754413913826,51.17940107630885,9.233976075449469,2218.6598117092562,0
4,1493.7010742472792,28.0,2275.0,20.99366372580519,30.864486491908206,45.02830245802893,9.185734745516061,2137.9062015184404,0
4,1817.982575512601,2415.0,2275.0,46.02860198532976,19.513438926294228,46.177951549459806,11.327920559681218,2183.609558722023,0
4,2491.574801182933,1735.0,2275.0,-16.031759656066626,25.394881390836233,74.31851469530788,9.960149618779164,2167.4396383577923,0
4,1108.6467029163598,753.0,2275.0,-27.060369657951384,26.534499460974843,52.27061085410287,9.140112577969116,2365.6336047750265,0
4,2066.2468424212843,3557.0,2275.0,7.502262292998652,20.398344904379,64.89932128512007,13.53728168370106,2211.4581717636233,1
4,1740.6226955877942,3030.0,2275.0,10.313955919155168,29.417856995265712,70.17299096398835,11.751138053291344,2286.29998731176,0
4,874.3819834913219,1775.0,2275.0,14.373186135145954,31.101744869304213,61.51981377709693,10.735468631835927,2240.3505302485755,0
4,2648.0269604299583,1235.0,2275.0,1.0735896953131014,30.042537000832073,49.59433500251868,14.400499098098884,2159.478660792834,1
4,2412.5354626600915,1072.0,2275.0,5.987214023491363,27.564138590969335,66.84349312008499,9.696833761203154,2259.68466149138,0
4,2009.510320509434,665.0,2275.0,17.350208210812042,19.71689955532422,63.00754230298749,14.735512973731915,2329.518403199587,1
4,2566.6870143733017,757.0,2275.0,30.808617852896777,19.78747271579574,66.93751768042125,10.883800304264117,2165.093895278555,1
4,2615.153182783427,442.0,2275.0,-29.100975406365656,31.377125447582646,68.09239868571262,14.330422033852088,2348.629263956556,1
4,2154.252632473601,481.0,2275.0,2.621211219370756,15.174836430906765,74.26231103054235,12.617657258876768,2197.6753961455297,0
4,2527.338652254649,505.0,2275.0,14.276175878821267,27.172849545116456,62.2068984008013,13.960244158448925,2231.0484627273713,0
4,2122.6672388409224,476.0,2275.0,-8.359522092214718,27.006184763439457,55.24923338071805,14.904078979262785,2323.2921641939142,1
4,2072.408238104871,316.0,2275.0,44.62339263534599,25.585722196146556,64.45393670700712,10.730432626912474,2214.6273096930267,0
4,1893.9729968240345,86.0,2275.0,-2.7081976045747407,31.83185038347672,47.05322127727878,14.766812912445559,2278.4193121995636,0
4,2282.8782547171595,3395.0,2275.0,9.174146259854343,20.301950407983327,71.92191954964758,11.336891369414522,2246.3631345802837,0
4,559.9548053499137,2935.0,2275.0,21.120441936845815,20.779521684485218,48.5814303401459,11.313071428421534,2286.7724886100473,0
4,2654.5252016768923,2001.0,2275.0,-1.8256957760378896,16.341969850091445,54.83528513657455,11.042322625527035,2058.352741397362,0
4,2628.3462304611726,1095.0,2275.0,-26.931460956088344,22.527568321243535,69.47236141878363,12.24844564408551,2108.4989548160643,0
4,184.81712080022152,1594.0,2275.0,1.426909461669334,19.437824945992418,62.919371349921356,9.924870259070923,2331.0529975502623,0
4,2494.8685766378117,644.0,2275.0,30.58881111854081,20.837573937019954,56.809065608323266,12.322268912148067,2369.3835079140636,0
4,473.7226156729911,187.0,2275.0,3.262097464297229,29.18772043434567,59.20306978125064,12.250228874460024,2192.1457099786317,0
4,1071.8446773515116,48.0,2275.0,-6.928686029179573,30.903236729967425,70.6364217960654,13.571410875629219,2252.7934199524266,0
4,2256.1739432456625,1150.0,2275.0,28.513444190054432,18.157462224088157,55.20013158179677,14.001899771625514,2301.8194520141096,1
4,566.2036985400938,1450.0,2275.0,3.3845020795389456,21.33265183640892,71.08949054436513,11.642648101874544,2338.082801750942,0
4,2472.1043699452803,2540.0,2275.0,-0.20321627300434564,30.7867195559617,47.64403292930074,10.813999496108963,2090.4813682779527,0
4,2513.1891160774517,1575.0,2275.0,12.98912179326619,16.050743831716783,68.30395311625892,10.556009383902566,2194.370337524968,0
4,1571.656427906425,620.0,2275.0,25.415004192375747,16.570128977893436,70.4264289916421,10.167743020229231,2244.735276433661,0
4,118.51902797881738,1420.0,2275.0,57.63427063465092,17.7674468165059,50.45452958512016,9.34588549319415,2338.9857579484806,0
4,932.4105862072471,100.0,2275.0,26.544722153148463,25.118618180156872,57.91039597116601,11.05468787300828,2502.3571740186558,1
4,1889.0880632896524,1094.0,2275.0,33.19679932776688,17.558028607101956,49.96499323990967,10.6214861527847,2254.2514788603157,0
4,2945.439916279528,360.0,2275.0,-0.11932397975710707,31.45729848466247,66.19812386982653,14.798504315198445,2146.965050948537,0
4,1932.2592283483382,1326.0,2275.0,-10.517362119389524,22.594146963394845,61.060433041849706,12.346252957500264,2311.606395025318,0
4,853.4303850860634,881.0,2275.0,11.24662699238246,23.52580532595283,64.05970040124963,11.083662234183045,2395.2106168482046,0
4,1938.616538988873,173.0,2275.0,12.143398305191925,19.19319646869191,50.89460900868633,12.482805605962175,2284.8292850091343,1
4,1665.957601175981,1.0,2275.0,-11.570254827291944,23.00632429139047,51.35237586157258,9.835180208074172,2192.494982390959,0
4,2361.5516459383166,135.0,2275.0,6.494109401919744,26.252531754829196,46.24491976529719,11.664262495213217,2362.1774486746817,0
4,410.2438525981794,3719.0,2275.0,17.98635203438262,27.77001132821873,54.66202605587189,12.757405928526383,2335.3826512833575,0
4,2306.980917255881,2671.0,2275.0,17.207867900361602,27.81575740606852,61.79233984001025,11.933386990754709,2181.6266431781983,0
4,1669.6730781607198,783.0,2275.0,20.08575706768545,24.8241489157995,70.73804741991987,11.410672803925944,2309.709731195625,0
4,2892.6768111910847,219.0,2275.0,15.819294602748858,30.374116174895573,65.00782342376041,14.963090333398188,2365.7511666569576,0
4,1091.4292815121896,1479.0,2275.0,-0.14017318540111567,28.89593340420386,58.06188970199254,14.281888572893562,2382.5519938728594,1
4,1934.6034900884495,46.0,2275.0,-0.278012532976863,27.869817949876634,73.59360343182414,12.74043574895664,2268.9531432468398,0
4,2802.881505979051,211.0,2275.0,-13.97902795987752,15.94529386856783,66.57735601727495,12.416264167093697,2242.414770397682,0
4,397.27821117296986,81.0,2275.0,45.6955007837019,15.116925357734038,72.9049560858765,12.723962878947503,2386.681917809395,0
4,2817.9626129857083,608.0,2275.0,10.26900729238586,18.61160371232304,60.827639198164974,10.2078726469346,2164.8753942287394,1
4,2094.868594672359,73.0,2275.0,5.502938884102962,26.27990109652869,52.76712824379419,11.370826459585912,2314.9107154738113,0
4,296.7274714049985,83.0,2275.0,-8.575841629049176,21.99035731100328,46.58480059094166,9.236757197345396,2150.327576909837,0
4,972.7943441457671,58.0,2275.0,68.71315804655556,21.8409064080883,66.78254554451551,11.853276224920961,2371.9492407756243,0
4,2153.6990570713165,35.0,2275.0,-11.46656064445791,30.037977099903433,48.63908994016602,12.25814750374598,2251.5178580793845,0
4,295.3167442594379,198.0,2275.0,1.4230414878785318,30.224568418241258,54.08325384815902,10.366498416619258,2390.4410744439197,0
4,1788.2943345111926,36.0,2275.0,18.31673672572121,30.455979488910955,60.97412723651692,14.784173082993082,2319.7185608283526,1
4,1103.0608651635746,21.0,2275.0,22.004259314885555,20.335927300755465,61.93249763339243,14.456727665623452,2163.686959064364,1
4,1900.6550015256837,33.0,2275.0,29.15864110431368,26.74794881656745,63.017495909614084,13.332859412735434,2404.6411236190293,0
4,232.65189805628725,2605.2,2275.0,46.152170155385264,19.617764081664284,49.98765991049102,12.200319772592175,2416.1633192449235,0
4,2627.456737841891,1156.75,2275.0,20.123153109214247,18.240367162265645,56.39212214464946,14.21981495788611,2355.288070826529,0
4,2923.118010614451,443.55,2275.0,-11.120615999333353,18.138751774905277,63.515826813509,9.783914062940777,2205.695504281704,1
4,2909.745780328505,413.1,2275.0,4.861097497564369,20.8158295546811,74.09456593901353,13.743058765649309,2247.1527301534757,0
4,2273.990312054482,239.75,2275.0,16.1566474502777,22.30927953625697,66.82893413099066,9.74892488380109,2288.233876783924,0
4,477.2500963788327,17.85,2275.0,51.364520830116476,29.126135907936163,72.67811271281873,13.765263975296433,2210.9623536608397,1
4,2298.9632681941653,434.1,2275.0,-17.956109568485942,17.038148589036105,67.86636174942531,10.654605409508141,2429.0035380941517,0
4,171.30205773052438,155.7,2275.0,34.05153010450455,27.4937394057132,62.751509066772016,14.262543486109134,2288.133708927069,1
4,164.15829943409204,139.75,2275.0,13.598287390928336,24.03473354121819,50.760701074090335,14.664252562952388,2028.9953277132306,0
4,1038.4696355336696,140.75,2275.0,26.756610704589615,19.89507082549187,65.00056955677539,9.892775816430694,2305.881378960816,0
4,1517.0652521735308,124.5,2275.0,7.96010566728136,23.37793293705802,63.70138697879722,11.776053630392362,2243.3176768896246,0
4,2334.1815116426,149.15,2275.0,-6.848652602526528,20.099015186209385,63.074075113717996,14.885924268976112,2268.181683393221,1
4,2081.556592158865,145.75,2275.0,25.017455588026642,25.133393239051202,59.693576039647226,11.900444615838879,2241.4556377135013,0
4,1393.1178484925701,70.65,2275.0,23.088620542112423,22.375346688539153,60.85969811967827,14.181285135087272,2348.4412239112085,1
4,893.517332216831,15.3,2275.0,29.441139314794437,17.79489399434094,55.03327581354312,12.53238913278792,2376.8915878483576,0
4,2991.6610504573623,149.5,2275.0,9.733907292427293,16.981912267446845,60.579380779269094,11.251979447517611,2300.7578377655377,0
4,1335.9257764843217,44.5,2275.0,-1.9964404663969866,24.293826595226214,50.926677170354345,10.71470133315522,2244.1226819704275,0
4,1409.0223705560588,54.1,2275.0,-21.17573990047683,30.34102156586376,69.1552319208113,10.219338546516523,2271.2383143623656,0
4,574.5090814558407,3.25,2275.0,26.387465362788127,20.847280671480654,50.57330864096124,13.570789148266183,2276.783565108564,1
4,2404.9476913747953,717.0,2275.0,18.47778964887972,27.461001822784596,47.54898869668399,11.319243040938167,2201.9788663722998,0
4,2111.6784547663174,4649.8,2275.0,-9.315652657279184,26.197243033976036,58.08738079071472,12.067652773204507,2327.6825070199825,0
4,740.2318770874051,2136.8,2275.0,-0.771473465932484,30.83643354326118,64.74922318518185,11.95395288000709,2316.8638514713025,0
4,338.90503228594383,383.3,2275.0,0.6648237609711884,28.956677294085395,58.13150474800624,12.463674175398786,2415.1801528196775,0
4,2073.447976016668,3174.75,2275.0,-19.659688639648362,24.63228940139287,53.30262395853926,14.193462873747313,2389.2368300062512,1
4,1998.0825214152921,469.0,2275.0,-6.353647932102675,26.169518469979824,61.74513551671322,14.884436061500576,2212.603582499298,1
4,892.452628294807,934.6,2275.0,-12.676607136127082,30.272569931928594,55.410070062365996,11.445505251442903,2349.6471520803157,0
4,2857.50433052619,1093.35,2275.0,1.7504197622412665,21.79181933797789,72.98603070379899,13.965113532637819,2188.463242138403,1
4,538.0678861646106,669.4,2275.0,-4.773949966591255,20.555509999582213,72.67935418810717,13.587166767928306,2338.329821185617,1
4,1353.7709230235455,837.4,2275.0,-22.540098417334974,15.183788421798338,60.07115459916287,12.441173708733439,2227.9881079128304,0
4,2836.4861684860366,200.0,2275.0,50.451804611389626,29.051368261254893,54.83651982054776,14.736282861671599,2181.883956672822,1
4,1317.2092190857547,248.35,2275.0,35.05081462058462,28.616671906857203,67.11397241869918,10.202847093170417,2300.484126185464,1
4,1951.7252482258482,25.0,2275.0,-5.5803884303997116,16.775726807702572,46.101388304492,9.655585261857729,2031.6143913379733,0
4,1253.0237540921034,553.8,2275.0,15.448427933072198,24.806575479255905,59.243070181309534,14.123771801732532,2115.6612227291243,1
4,895.2240868111431,19.45,2275.0,18.349301796425898,22.887688868837085,55.08970182811001,11.63489889980249,2258.84823857654,1
4,2953.535179083502,50.0,2275.0,33.82171709546954,17.018054623654894,72.61607655307664,14.081813125242363,2282.502200763771,1
4,1287.0686183136247,75.0,2275.0,-6.372100533201571,31.6696598600323,45.360090818180474,14.35854123117249,2241.3919919156046,1
4,2692.88769066949,169.55,2275.0,31.84213567964852,18.649830086877042,61.584446271550476,9.374745561714429,2131.2712968166984,0
4,766.8683570841499,12.55,2275.0,-0.9581060841387021,16.14298106153954,67.21990743199878,14.300788577916364,2200.571842365396,1
4,718.0036416727415,7.5,2275.0,-16.71724808337227,25.112405451532464,59.550539625721235,11.689914332216533,2310.600048778603,0
4,190.28884036508293,87.4,2275.0,24.482731186289946,27.560733511261553,47.56209090488165,12.062594934025393,2327.942141127181,0
4,1989.8337935900665,110.0,2275.0,35.81516848244856,15.551538582802179,74.17384170083707,12.759555066559262,2273.5236962987697,0
4,1168.7263967989072,350.0,2275.0,61.75817947061369,26.198199858359377,60.540312941282934,14.558295640380521,2380.2718740743658,1
4,2606.6389245349474,176.5,2275.0,-13.99450530180427,24.048961891174727,63.42558732957034,9.114696566578584,2311.1631291347903,0
4,1472.3087294055158,367.6,2275.0,23.978393701615776,16.755505150875823,52.09829348122522,11.861060809906903,2206.981535489803,1
4,2907.760940952693,49.5,2275.0,1.8039751241293391,17.932905908088156,59.50494255320412,13.126332254583364,2249.4743131395426,0
4,638.0239955390513,77.1,2275.0,25.667174210480624,24.655563054373367,57.87448475874966,13.336241746189371,2147.339179694085,0
4,2619.0071870712713,16.6,2275.0,-19.40979102462501,20.038079429725904,47.24687526005951,13.155194589222647,2265.159351874381,0
4,2352.130873096051,15.0,2275.0,-15.25539551397128,30.951367387072374,48.184810606424016,9.806610776448732,2376.201156349142,0
4,2335.673349467751,28.0,2275.0,-5.517496463329676,28.918583901228864,70.12417558856323,10.796373530230088,2337.361397708698,0
4,2549.8713615389743,334.0,2275.0,11.579280913361691,31.720642510732272,52.194598566197705,11.15229315250208,2402.58284865864,0
4,2306.969573734697,37.0,2275.0,-2.821625330767109,19.41440426215704,50.84874814495892,13.82662324607703,2247.437442814292,1
4,1916.0389327311045,4294.0,2275.0,23.181086878268395,31.48530175756561,60.14734353750418,10.672559234487318,2397.495081300797,1
4,480.61014527892394,5971.0,2275.0,30.53789236515829,22.330975786456484,68.06241394087539,10.26422978320322,2257.4093153932345,0
4,194.32592052463056,2988.0,2275.0,21.991550824907115,20.907819520333828,46.85839555736964,14.744688114228577,2408.9142425138602,1
4,2770.458758665492,2301.0,2275.0,42.37575279321736,15.855941958479004,62.304237589147675,9.053179710680814,2273.0110359827668,0
4,1888.2859121101403,2403.0,2275.0,18.31653258910686,15.897009383613245,48.5763132852172,14.98692513409187,2339.3580550161896,1
4,2409.9581438309115,582.0,2275.0,-14.337934206803343,26.76419135109313,46.093831524768554,13.060927793144373,2409.235225152197,0
4,1496.4148193863953,2029.0,2275.0,37.2675302707668,22.784792905378474,46.58231856486652,13.970815796694701,2257.3980857991105,1
4,440.19374799094396,906.0,2275.0,-2.103124712119948,18.850867642613796,70.02492324625324,10.767716378077159,2294.87339786652,1
4,463.0387973873963,1010.0,2275.0,28.2083699937114,25.437495207528954,48.539174508841846,9.08589166600236,2392.2865716937736,0
4,2088.139332964017,1037.0,2275.0,41.474684331102125,19.29858801025189,46.35454093236876,13.427217111369181,2262.896712082364,0
4,1347.887095208442,314.0,2275.0,19.13376021460798,24.819739823855183,58.13699661428737,14.004867582004055,2154.7988022919394,1
4,681.5217074309764,472.0,2275.0,-19.923176263292994,21.106548698705737,70.31980415826075,13.442856791721114,2470.0136419672267,1
4,1525.6241855501669,55.0,2275.0,-8.36424333019583,29.000387852400923,52.87225129467906,9.857101723805032,2232.251433745321,0
4,286.20591751788885,1201.0,2275.0,36.45488933770271,28.95183473303525,57.65137852577749,13.520567533541815,2289.4468006353163,1
4,1787.7170655517564,396.0,2275.0,6.617546287143672,23.114956768080823,46.197675976912535,13.613536692645846,2380.1966069200525,1
4,880.0808728617833,244.0,2275.0,11.591470698843317,20.963924858695265,58.47235542404628,12.95124309402033,2219.6270547604604,0
4,2412.921391847846,228.0,2275.0,25.176488323272185,21.163516541504606,62.32839241911401,13.596695596773518,2183.284019896786,0
4,1000.0496808783639,44.0,2275.0,23.92645724160647,28.697146936359704,62.127211612564345,14.075528638066393,2298.0900940065094,1
4,1420.1384323372235,44.0,2275.0,15.575996247709213,20.579051207559402,54.97280076523096,12.681624685424751,2111.8300477899725,1
4,133.69956573349185,43.0,2275.0,5.826632575590684,18.554009353016383,54.465995419894064,9.531628283818074,2248.8005470050193,0
4,310.0959746042207,55.0,2275.0,3.7466310853528544,16.439701811880216,48.198708568097935,11.925766858003264,2297.298518452702,0
4,1238.2313135793859,146.0,2275.0,27.15797650582686,22.933783055034944,56.00394961938805,9.465896008029631,2250.43437738891,0
4,1491.8226206796583,202.0,2275.0,21.071390621355867,23.19624568163731,47.98484006618894,11.445258186194586,2134.545964170097,0
4,1840.0595895459808,129.0,2275.0,4.853999987644207,29.29544807684942,67.99787834136154,11.442638934753766,2420.070194014565,0
4,945.8214782569794,78.0,2275.0,31.642246259862816,18.76105783958309,73.98822893244558,9.396059064841449,2284.4219720093747,0
4,2115.4474697669734,125.0,2275.0,7.419317697404324,21.476851652362797,74.10223370000121,11.092923203816877,2405.2348427163183,0
4,2594.3549518486934,19.0,2275.0,-7.033243486687866,28.74289756119275,70.95213298126181,9.665988592747889,2251.3367012335793,0
4,2361.5678677907144,23.0,2275.0,-5.179413978066895,29.00160138273255,63.023764480188575,13.849411260055334,2194.9189096661403,1
4,214.89459351023572,118.0,2275.0,-9.574816726195323,21.53838829163906,66.0259709173164,14.686128155786825,2299.4954637432193,1
4,1493.470147047704,1420.0,2275.0,4.5517996679262565,22.805108395873575,53.55617408041242,9.433898851547632,2255.363371504132,0
4,404.2975174127071,17562.0,2275.0,34.67448556672386,20.15586014443781,63.923112605178616,14.730691243750208,2167.8237073227865,1
4,801.9305460013296,18247.0,2275.0,-6.101903620610177,30.853432933128303,58.66948648319632,12.135459596020471,2408.750367549662,0
4,2961.321520474725,2762.0,2275.0,13.769515220362058,17.016944017606864,59.46052019330797,10.797394067723243,2218.3734097166466,0
4,513.2370744143884,9785.0,2275.0,-3.1337869125482634,30.87374019102499,67.73329681125475,9.461172451656982,2107.535758983603,0
4,1546.7756450089325,4358.0,2275.0,4.793819174571249,26.625729681200834,53.45755066791755,12.003745608422507,2395.863110910117,0
